n_samples,n_features,corr_level,constraints,simulation,method,train_rmse,test_rmse,train_r2,test_r2,coef_rmse,coef_mae,run_time,coef_0,coef_1,coef_2,coef_3,true_coef_0,true_coef_1,true_coef_2,true_coef_3,error,sign_correct,true_coef_abs_error
10,4,0.0,none,0,OLS,0.6509407806749298,0.7315194391054405,0.9936601882594726,,0.18009106901768943,0.17191026066518378,0.006434440612792969,4.248312300036625,-4.333570606554795,4.080729773487849,-3.381305657100027,4.389628960580699,-4.449695630401509,4.339073000818308,-3.209449526160539,,1.0,0
10,4,0.0,none,0,Ridge,0.6509407806749298,0.7315194391054405,0.9936601882594726,,0.18009106901768943,0.17191026066518378,0.003999233245849609,4.248312300036625,-4.333570606554795,4.080729773487849,-3.381305657100027,4.389628960580699,-4.449695630401509,4.339073000818308,-3.209449526160539,,1.0,0
10,4,0.0,none,0,Lasso,0.6509407806749298,0.7315194391054405,0.9936601882594726,,0.18009106901768943,0.17191026066518378,0.003000020980834961,4.248312300036625,-4.333570606554795,4.080729773487849,-3.381305657100027,4.389628960580699,-4.449695630401509,4.339073000818308,-3.209449526160539,,1.0,0
10,4,0.0,none,0,ElasticNet,,,,,,,,,,,,,,,,name 'ElasticNet' is not defined,0.0,0
10,4,0.0,none,0,ConstrainedRegression,0.6509407806749297,0.731519439105444,0.9936601882594726,,0.1800910690176908,0.17191026066518522,0.006995201110839844,4.248312300036626,-4.33357060655479,4.080729773487846,-3.3813056571000266,4.389628960580699,-4.449695630401509,4.339073000818308,-3.209449526160539,,1.0,0
10,4,0.0,none,0,ConstrainedRidgeRegression,,,,,,,,,,,,,,,,"Parameter grid for parameter 'l1_ratio' needs to be a list or a numpy array, but got 0.0 (of type float) instead. Single values need to be wrapped in a list with one element.",0.0,0
10,4,0.0,none,0,ConstrainedLassoRegression,,,,,,,,,,,,,,,,"Parameter grid for parameter 'l1_ratio' needs to be a list or a numpy array, but got 1.0 (of type float) instead. Single values need to be wrapped in a list with one element.",0.0,0
10,4,0.0,none,0,ConstrainedElasticNetRegression,0.6509407807304832,0.7315224125114099,0.9936601882583904,,0.18009326574397325,0.17191258937117748,1.6479363441467285,4.248308036340226,-4.333566257301424,4.080725677961011,-3.381302263447394,4.389628960580699,-4.449695630401509,4.339073000818308,-3.209449526160539,,1.0,0
10,4,0.0,correct,0,OLS,0.650940780674929,0.7315194391054325,0.9917907133002216,,0.18009106901768823,0.17191026066518267,0.02409839630126953,2.953594666058091,-4.649635792591403,3.620512746863668,-3.1897399167975133,3.094911326602161,-4.765760816438119,3.878855974194126,-3.0178837858580265,,1.0,0
10,4,0.0,correct,0,Ridge,0.650940780674929,0.7315194391054325,0.9917907133002216,,0.18009106901768823,0.17191026066518267,0.009804487228393555,2.953594666058091,-4.649635792591403,3.620512746863668,-3.1897399167975133,3.094911326602161,-4.765760816438119,3.878855974194126,-3.0178837858580265,,1.0,0
10,4,0.0,correct,0,Lasso,0.650940780674929,0.7315194391054325,0.9917907133002216,,0.18009106901768823,0.17191026066518267,0.011594772338867188,2.953594666058091,-4.649635792591403,3.620512746863668,-3.1897399167975133,3.094911326602161,-4.765760816438119,3.878855974194126,-3.0178837858580265,,1.0,0
10,4,0.0,correct,0,ElasticNet,,,,,,,,,,,,,,,,name 'ElasticNet' is not defined,0.0,0
10,4,0.0,correct,0,ConstrainedRegression,0.650940780674929,0.7315194391054449,0.9917907133002216,,0.1800910690176896,0.17191026066518356,0.021237611770629883,2.953594666058092,-4.649635792591403,3.620512746863664,-3.189739916797514,3.094911326602161,-4.765760816438119,3.878855974194126,-3.0178837858580265,,1.0,0
10,4,0.0,correct,0,ConstrainedRidgeRegression,,,,,,,,,,,,,,,,"Parameter grid for parameter 'l1_ratio' needs to be a list or a numpy array, but got 0.0 (of type float) instead. Single values need to be wrapped in a list with one element.",0.0,0
10,4,0.0,correct,0,ConstrainedLassoRegression,,,,,,,,,,,,,,,,"Parameter grid for parameter 'l1_ratio' needs to be a list or a numpy array, but got 1.0 (of type float) instead. Single values need to be wrapped in a list with one element.",0.0,0
10,4,0.0,correct,0,ConstrainedElasticNetRegression,0.6509407807232088,0.7315200419380092,0.9917907132990039,,0.1800930396120993,0.1719123812500576,1.0895638465881348,2.953591547498697,-4.649630883566676,3.620508924256659,-3.1897365489458824,3.094911326602161,-4.765760816438119,3.878855974194126,-3.0178837858580265,,1.0,0
10,4,0.3,none,0,OLS,0.6509407806749288,0.731519439105428,0.9774433790902236,,0.20451885109296863,0.19116548132665512,0.00834798812866211,3.266373086388594,-4.922281226441044,4.192247058030585,-3.141172457538831,3.094911326602161,-4.765760816438119,3.878855974194126,-3.0178837858580265,,1.0,0
10,4,0.3,none,0,Ridge,0.6509407806749288,0.731519439105428,0.9774433790902236,,0.20451885109296863,0.19116548132665512,0.0049588680267333984,3.266373086388594,-4.922281226441044,4.192247058030585,-3.141172457538831,3.094911326602161,-4.765760816438119,3.878855974194126,-3.0178837858580265,,1.0,0
10,4,0.3,none,0,Lasso,0.6509407806749288,0.731519439105428,0.9774433790902236,,0.20451885109296863,0.19116548132665512,0.007019996643066406,3.266373086388594,-4.922281226441044,4.192247058030585,-3.141172457538831,3.094911326602161,-4.765760816438119,3.878855974194126,-3.0178837858580265,,1.0,0
10,4,0.3,none,0,ElasticNet,,,,,,,,,,,,,,,,name 'ElasticNet' is not defined,0.0,0
10,4,0.3,none,0,ConstrainedRegression,0.6509407806749292,0.7315194391054405,0.9774433790902236,,0.20451885109296916,0.19116548132665567,0.00807952880859375,3.266373086388591,-4.922281226441042,4.192247058030587,-3.141172457538836,3.094911326602161,-4.765760816438119,3.878855974194126,-3.0178837858580265,,1.0,0
10,4,0.3,none,0,ConstrainedRidgeRegression,,,,,,,,,,,,,,,,"Parameter grid for parameter 'l1_ratio' needs to be a list or a numpy array, but got 0.0 (of type float) instead. Single values need to be wrapped in a list with one element.",0.0,0
10,4,0.3,none,0,ConstrainedLassoRegression,,,,,,,,,,,,,,,,"Parameter grid for parameter 'l1_ratio' needs to be a list or a numpy array, but got 1.0 (of type float) instead. Single values need to be wrapped in a list with one element.",0.0,0
10,4,0.3,none,0,ConstrainedElasticNetRegression,0.6509407808514591,0.731515244119028,0.9774433790779893,,0.20450654494797804,0.19115259470368307,1.1109836101531982,3.2663622389877767,-4.922264880725448,4.192233136336932,-3.141162025857008,3.094911326602161,-4.765760816438119,3.878855974194126,-3.0178837858580265,,1.0,0
10,4,0.3,correct,0,OLS,0.6509407806749288,0.731519439105428,0.9774433790902236,,0.20451885109296863,0.19116548132665512,0.008086442947387695,3.266373086388594,-4.922281226441044,4.192247058030585,-3.141172457538831,3.094911326602161,-4.765760816438119,3.878855974194126,-3.0178837858580265,,1.0,0
10,4,0.3,correct,0,Ridge,0.6509407806749288,0.731519439105428,0.9774433790902236,,0.20451885109296863,0.19116548132665512,0.006912946701049805,3.266373086388594,-4.922281226441044,4.192247058030585,-3.141172457538831,3.094911326602161,-4.765760816438119,3.878855974194126,-3.0178837858580265,,1.0,0
10,4,0.3,correct,0,Lasso,0.6509407806749288,0.731519439105428,0.9774433790902236,,0.20451885109296863,0.19116548132665512,0.02048349380493164,3.266373086388594,-4.922281226441044,4.192247058030585,-3.141172457538831,3.094911326602161,-4.765760816438119,3.878855974194126,-3.0178837858580265,,1.0,0
10,4,0.3,correct,0,ElasticNet,,,,,,,,,,,,,,,,name 'ElasticNet' is not defined,0.0,0
10,4,0.3,correct,0,ConstrainedRegression,0.6509407806749292,0.7315194391054405,0.9774433790902236,,0.20451885109296916,0.19116548132665567,0.016358137130737305,3.266373086388591,-4.922281226441042,4.192247058030587,-3.141172457538836,3.094911326602161,-4.765760816438119,3.878855974194126,-3.0178837858580265,,1.0,0
10,4,0.3,correct,0,ConstrainedRidgeRegression,,,,,,,,,,,,,,,,"Parameter grid for parameter 'l1_ratio' needs to be a list or a numpy array, but got 0.0 (of type float) instead. Single values need to be wrapped in a list with one element.",0.0,0
10,4,0.3,correct,0,ConstrainedLassoRegression,,,,,,,,,,,,,,,,"Parameter grid for parameter 'l1_ratio' needs to be a list or a numpy array, but got 1.0 (of type float) instead. Single values need to be wrapped in a list with one element.",0.0,0
10,4,0.3,correct,0,ConstrainedElasticNetRegression,0.6509407808514591,0.731515244119028,0.9774433790779893,,0.20450654494797804,0.19115259470368307,0.982621431350708,3.2663622389877767,-4.922264880725448,4.192233136336932,-3.141162025857008,3.094911326602161,-4.765760816438119,3.878855974194126,-3.0178837858580265,,1.0,0
10,4,0.7,none,0,OLS,0.6509407806749291,0.7315194391054334,0.9621483320588189,,0.30508659047700815,0.28018144335795125,0.007989883422851562,3.318652345816792,-5.245861233421742,4.136585977887945,-2.8587294523182942,3.094911326602161,-4.765760816438119,3.878855974194126,-3.0178837858580265,,1.0,0
10,4,0.7,none,0,Ridge,0.6509407806749291,0.7315194391054334,0.9621483320588189,,0.30508659047700815,0.28018144335795125,0.004530668258666992,3.318652345816792,-5.245861233421742,4.136585977887945,-2.8587294523182942,3.094911326602161,-4.765760816438119,3.878855974194126,-3.0178837858580265,,1.0,0
10,4,0.7,none,0,Lasso,0.6509407806749291,0.7315194391054334,0.9621483320588189,,0.30508659047700815,0.28018144335795125,0.005002498626708984,3.318652345816792,-5.245861233421742,4.136585977887945,-2.8587294523182942,3.094911326602161,-4.765760816438119,3.878855974194126,-3.0178837858580265,,1.0,0
10,4,0.7,none,0,ElasticNet,,,,,,,,,,,,,,,,name 'ElasticNet' is not defined,0.0,0
10,4,0.7,none,0,ConstrainedRegression,0.6509407806749296,0.7315194391054369,0.9621483320588188,,0.3050865904770104,0.28018144335795314,0.007015705108642578,3.3186523458167905,-5.245861233421746,4.13658597788795,-2.8587294523182942,3.094911326602161,-4.765760816438119,3.878855974194126,-3.0178837858580265,,1.0,0
10,4,0.7,none,0,ConstrainedRidgeRegression,,,,,,,,,,,,,,,,"Parameter grid for parameter 'l1_ratio' needs to be a list or a numpy array, but got 0.0 (of type float) instead. Single values need to be wrapped in a list with one element.",0.0,0
10,4,0.7,none,0,ConstrainedLassoRegression,,,,,,,,,,,,,,,,"Parameter grid for parameter 'l1_ratio' needs to be a list or a numpy array, but got 1.0 (of type float) instead. Single values need to be wrapped in a list with one element.",0.0,0
10,4,0.7,none,0,ConstrainedElasticNetRegression,0.6509407810180832,0.7315390793171055,0.9621483320189106,,0.30506658198522,0.28016592711336075,1.208688735961914,3.318631417707161,-5.245828153766022,4.136559892497072,-2.858711424140432,3.094911326602161,-4.765760816438119,3.878855974194126,-3.0178837858580265,,1.0,0
10,4,0.7,correct,0,OLS,0.6509407806749291,0.7315194391054334,0.9621483320588189,,0.30508659047700815,0.28018144335795125,0.006293773651123047,3.318652345816792,-5.245861233421742,4.136585977887945,-2.8587294523182942,3.094911326602161,-4.765760816438119,3.878855974194126,-3.0178837858580265,,1.0,0
10,4,0.7,correct,0,Ridge,0.6509407806749291,0.7315194391054334,0.9621483320588189,,0.30508659047700815,0.28018144335795125,0.007002592086791992,3.318652345816792,-5.245861233421742,4.136585977887945,-2.8587294523182942,3.094911326602161,-4.765760816438119,3.878855974194126,-3.0178837858580265,,1.0,0
10,4,0.7,correct,0,Lasso,0.6509407806749291,0.7315194391054334,0.9621483320588189,,0.30508659047700815,0.28018144335795125,0.0050394535064697266,3.318652345816792,-5.245861233421742,4.136585977887945,-2.8587294523182942,3.094911326602161,-4.765760816438119,3.878855974194126,-3.0178837858580265,,1.0,0
10,4,0.7,correct,0,ElasticNet,,,,,,,,,,,,,,,,name 'ElasticNet' is not defined,0.0,0
10,4,0.7,correct,0,ConstrainedRegression,0.6509407806749296,0.7315194391054369,0.9621483320588188,,0.3050865904770104,0.28018144335795314,0.010016918182373047,3.3186523458167905,-5.245861233421746,4.13658597788795,-2.8587294523182942,3.094911326602161,-4.765760816438119,3.878855974194126,-3.0178837858580265,,1.0,0
10,4,0.7,correct,0,ConstrainedRidgeRegression,,,,,,,,,,,,,,,,"Parameter grid for parameter 'l1_ratio' needs to be a list or a numpy array, but got 0.0 (of type float) instead. Single values need to be wrapped in a list with one element.",0.0,0
10,4,0.7,correct,0,ConstrainedLassoRegression,,,,,,,,,,,,,,,,"Parameter grid for parameter 'l1_ratio' needs to be a list or a numpy array, but got 1.0 (of type float) instead. Single values need to be wrapped in a list with one element.",0.0,0
10,4,0.7,correct,0,ConstrainedElasticNetRegression,0.6509407810180832,0.7315390793171055,0.9621483320189106,,0.30506658198522,0.28016592711336075,1.0866482257843018,3.318631417707161,-5.245828153766022,4.136559892497072,-2.858711424140432,3.094911326602161,-4.765760816438119,3.878855974194126,-3.0178837858580265,,1.0,0
10,4,0.9,none,0,OLS,0.6509407806749287,0.7315194391054289,0.9233120509354398,,0.5251202588781153,0.4535755604844497,0.0070497989654541016,2.6609974455516787,-4.645655526719647,4.7393688389547695,-3.4176539922662275,3.094911326602161,-4.765760816438119,3.878855974194126,-3.0178837858580265,,1.0,0
10,4,0.9,none,0,Ridge,0.6509407806749287,0.7315194391054289,0.9233120509354398,,0.5251202588781153,0.4535755604844497,0.0029926300048828125,2.6609974455516787,-4.645655526719647,4.7393688389547695,-3.4176539922662275,3.094911326602161,-4.765760816438119,3.878855974194126,-3.0178837858580265,,1.0,0
10,4,0.9,none,0,Lasso,0.6509407806749287,0.7315194391054289,0.9233120509354398,,0.5251202588781153,0.4535755604844497,0.003998517990112305,2.6609974455516787,-4.645655526719647,4.7393688389547695,-3.4176539922662275,3.094911326602161,-4.765760816438119,3.878855974194126,-3.0178837858580265,,1.0,0
10,4,0.9,none,0,ElasticNet,,,,,,,,,,,,,,,,name 'ElasticNet' is not defined,0.0,0
10,4,0.9,none,0,ConstrainedRegression,0.6509407806749284,0.7315194391054369,0.9233120509354399,,0.525120258878116,0.45357556048445236,0.008033037185668945,2.6609974455516694,-4.64565552671964,4.739368838954767,-3.4176539922662243,3.094911326602161,-4.765760816438119,3.878855974194126,-3.0178837858580265,,1.0,0
10,4,0.9,none,0,ConstrainedRidgeRegression,,,,,,,,,,,,,,,,"Parameter grid for parameter 'l1_ratio' needs to be a list or a numpy array, but got 0.0 (of type float) instead. Single values need to be wrapped in a list with one element.",0.0,0
10,4,0.9,none,0,ConstrainedLassoRegression,,,,,,,,,,,,,,,,"Parameter grid for parameter 'l1_ratio' needs to be a list or a numpy array, but got 1.0 (of type float) instead. Single values need to be wrapped in a list with one element.",0.0,0
10,4,0.9,none,0,ConstrainedElasticNetRegression,0.6509407813231068,0.7315348551700973,0.9233120507827148,,0.525098757323764,0.45357298775225896,1.2505218982696533,2.6609652368774346,-4.645599300290362,4.739311478434259,-3.4176126267544458,3.094911326602161,-4.765760816438119,3.878855974194126,-3.0178837858580265,,1.0,0
10,4,0.9,correct,0,OLS,0.6509407806749287,0.7315194391054289,0.9233120509354398,,0.5251202588781153,0.4535755604844497,0.0038099288940429688,2.6609974455516787,-4.645655526719647,4.7393688389547695,-3.4176539922662275,3.094911326602161,-4.765760816438119,3.878855974194126,-3.0178837858580265,,1.0,0
10,4,0.9,correct,0,Ridge,0.6509407806749287,0.7315194391054289,0.9233120509354398,,0.5251202588781153,0.4535755604844497,0.0035552978515625,2.6609974455516787,-4.645655526719647,4.7393688389547695,-3.4176539922662275,3.094911326602161,-4.765760816438119,3.878855974194126,-3.0178837858580265,,1.0,0
10,4,0.9,correct,0,Lasso,0.6509407806749287,0.7315194391054289,0.9233120509354398,,0.5251202588781153,0.4535755604844497,0.002000093460083008,2.6609974455516787,-4.645655526719647,4.7393688389547695,-3.4176539922662275,3.094911326602161,-4.765760816438119,3.878855974194126,-3.0178837858580265,,1.0,0
10,4,0.9,correct,0,ElasticNet,,,,,,,,,,,,,,,,name 'ElasticNet' is not defined,0.0,0
10,4,0.9,correct,0,ConstrainedRegression,0.6509407806749284,0.7315194391054369,0.9233120509354399,,0.525120258878116,0.45357556048445236,0.0060312747955322266,2.6609974455516694,-4.64565552671964,4.739368838954767,-3.4176539922662243,3.094911326602161,-4.765760816438119,3.878855974194126,-3.0178837858580265,,1.0,0
10,4,0.9,correct,0,ConstrainedRidgeRegression,,,,,,,,,,,,,,,,"Parameter grid for parameter 'l1_ratio' needs to be a list or a numpy array, but got 0.0 (of type float) instead. Single values need to be wrapped in a list with one element.",0.0,0
10,4,0.9,correct,0,ConstrainedLassoRegression,,,,,,,,,,,,,,,,"Parameter grid for parameter 'l1_ratio' needs to be a list or a numpy array, but got 1.0 (of type float) instead. Single values need to be wrapped in a list with one element.",0.0,0
10,4,0.9,correct,0,ConstrainedElasticNetRegression,0.6509407813231068,0.7315348551700973,0.9233120507827148,,0.525098757323764,0.45357298775225896,1.34883451461792,2.6609652368774346,-4.645599300290362,4.739311478434259,-3.4176126267544458,3.094911326602161,-4.765760816438119,3.878855974194126,-3.0178837858580265,,1.0,0
20,4,0.0,none,0,OLS,0.8964789720927557,1.1828808201248098,0.9895650588757895,0.8986914599155595,0.18825640667734456,0.168375077714924,0.00753474235534668,3.0584594932351727,-4.964832185092507,4.048388595130384,-3.286328273760088,3.094911326602161,-4.765760816438119,3.878855974194126,-3.0178837858580265,,1.0,0
20,4,0.0,none,0,Ridge,0.8964789720927557,1.1828808201248098,0.9895650588757895,0.8986914599155595,0.18825640667734456,0.168375077714924,0.0039980411529541016,3.0584594932351727,-4.964832185092507,4.048388595130384,-3.286328273760088,3.094911326602161,-4.765760816438119,3.878855974194126,-3.0178837858580265,,1.0,0
20,4,0.0,none,0,Lasso,0.8964789720927557,1.1828808201248098,0.9895650588757895,0.8986914599155595,0.18825640667734456,0.168375077714924,0.007064104080200195,3.0584594932351727,-4.964832185092507,4.048388595130384,-3.286328273760088,3.094911326602161,-4.765760816438119,3.878855974194126,-3.0178837858580265,,1.0,0
20,4,0.0,none,0,ElasticNet,,,,,,,,,,,,,,,,name 'ElasticNet' is not defined,0.0,0
20,4,0.0,none,0,ConstrainedRegression,0.8964789720927553,1.1828808201248053,0.9895650588757895,0.8986914599155602,0.18825640667734608,0.168375077714926,0.007964849472045898,3.0584594932351705,-4.964832185092505,4.04838859513039,-3.2863282737600894,3.094911326602161,-4.765760816438119,3.878855974194126,-3.0178837858580265,,1.0,0
20,4,0.0,none,0,ConstrainedRidgeRegression,,,,,,,,,,,,,,,,"Parameter grid for parameter 'l1_ratio' needs to be a list or a numpy array, but got 0.0 (of type float) instead. Single values need to be wrapped in a list with one element.",0.0,0
20,4,0.0,none,0,ConstrainedLassoRegression,,,,,,,,,,,,,,,,"Parameter grid for parameter 'l1_ratio' needs to be a list or a numpy array, but got 1.0 (of type float) instead. Single values need to be wrapped in a list with one element.",0.0,0
20,4,0.0,none,0,ConstrainedElasticNetRegression,0.9006756715818708,1.184921146378028,0.9894671317269519,0.8983416685606482,0.16427040155463626,0.15457959493729057,0.9113316535949707,3.004277373641346,-4.920881650672378,4.009190217278713,-3.2601131353275283,3.094911326602161,-4.765760816438119,3.878855974194126,-3.0178837858580265,,1.0,0
20,4,0.0,correct,0,OLS,0.8964789720927554,1.1828808201248084,0.9900386647545873,0.9211613221825206,0.18825640667734547,0.16837507771492488,0.00802922248840332,3.6084429332233445,-4.45974960866001,4.317296396285685,-3.7054466186004937,3.644894766590334,-4.260678240005621,4.147763775349428,-3.43700213069843,,1.0,0
20,4,0.0,correct,0,Ridge,0.8964789720927554,1.1828808201248084,0.9900386647545873,0.9211613221825206,0.18825640667734547,0.16837507771492488,0.005965709686279297,3.6084429332233445,-4.45974960866001,4.317296396285685,-3.7054466186004937,3.644894766590334,-4.260678240005621,4.147763775349428,-3.43700213069843,,1.0,0
20,4,0.0,correct,0,Lasso,0.8964789720927554,1.1828808201248084,0.9900386647545873,0.9211613221825206,0.18825640667734547,0.16837507771492488,0.005034446716308594,3.6084429332233445,-4.45974960866001,4.317296396285685,-3.7054466186004937,3.644894766590334,-4.260678240005621,4.147763775349428,-3.43700213069843,,1.0,0
20,4,0.0,correct,0,ElasticNet,,,,,,,,,,,,,,,,name 'ElasticNet' is not defined,0.0,0
20,4,0.0,correct,0,ConstrainedRegression,0.8964789720927557,1.1828808201248113,0.9900386647545872,0.9211613221825202,0.18825640667734478,0.16837507771492488,0.009967327117919922,3.608442933223344,-4.459749608660011,4.3172963962856885,-3.705446618600489,3.644894766590334,-4.260678240005621,4.147763775349428,-3.43700213069843,,1.0,0
20,4,0.0,correct,0,ConstrainedRidgeRegression,,,,,,,,,,,,,,,,"Parameter grid for parameter 'l1_ratio' needs to be a list or a numpy array, but got 0.0 (of type float) instead. Single values need to be wrapped in a list with one element.",0.0,0
20,4,0.0,correct,0,ConstrainedLassoRegression,,,,,,,,,,,,,,,,"Parameter grid for parameter 'l1_ratio' needs to be a list or a numpy array, but got 1.0 (of type float) instead. Single values need to be wrapped in a list with one element.",0.0,0
20,4,0.0,correct,0,ConstrainedElasticNetRegression,0.9008716242537821,1.1878271691103781,0.9899408066146593,0.9205005980491675,0.16381125434671928,0.1550296178230237,0.9268240928649902,3.5510712290961317,-4.419399278400703,4.277764109034681,-3.674575692415987,3.644894766590334,-4.260678240005621,4.147763775349428,-3.43700213069843,,1.0,0
20,4,0.3,none,0,OLS,0.896478972092756,1.1828808201247976,0.9678068888524569,0.9314136857958063,0.22434244936006556,0.199673645342891,0.0072443485260009766,3.452058793241405,-4.440744617961764,4.217378674483096,-3.0808247997656064,3.644894766590334,-4.260678240005621,4.147763775349428,-3.43700213069843,,1.0,0
20,4,0.3,none,0,Ridge,0.896478972092756,1.1828808201247976,0.9678068888524569,0.9314136857958063,0.22434244936006556,0.199673645342891,0.006192207336425781,3.452058793241405,-4.440744617961764,4.217378674483096,-3.0808247997656064,3.644894766590334,-4.260678240005621,4.147763775349428,-3.43700213069843,,1.0,0
20,4,0.3,none,0,Lasso,0.896478972092756,1.1828808201247976,0.9678068888524569,0.9314136857958063,0.22434244936006556,0.199673645342891,0.006524324417114258,3.452058793241405,-4.440744617961764,4.217378674483096,-3.0808247997656064,3.644894766590334,-4.260678240005621,4.147763775349428,-3.43700213069843,,1.0,0
20,4,0.3,none,0,ElasticNet,,,,,,,,,,,,,,,,name 'ElasticNet' is not defined,0.0,0
20,4,0.3,none,0,ConstrainedRegression,0.8964789720927558,1.182880820124809,0.9678068888524569,0.931413685795805,0.2243424493600645,0.19967364534289544,0.008004188537597656,3.4520587932413926,-4.440744617961758,4.217378674483118,-3.080824799765617,3.644894766590334,-4.260678240005621,4.147763775349428,-3.43700213069843,,1.0,0
20,4,0.3,none,0,ConstrainedRidgeRegression,,,,,,,,,,,,,,,,"Parameter grid for parameter 'l1_ratio' needs to be a list or a numpy array, but got 0.0 (of type float) instead. Single values need to be wrapped in a list with one element.",0.0,0
20,4,0.3,none,0,ConstrainedLassoRegression,,,,,,,,,,,,,,,,"Parameter grid for parameter 'l1_ratio' needs to be a list or a numpy array, but got 1.0 (of type float) instead. Single values need to be wrapped in a list with one element.",0.0,0
20,4,0.3,none,0,ConstrainedElasticNetRegression,0.9103262640011428,1.2930800585298177,0.9668046784121045,0.9180391765221814,0.2581834295616487,0.20913302470345074,0.883913516998291,3.3470239506959722,-4.237103872683368,4.039710608431094,-3.0299683820195757,3.644894766590334,-4.260678240005621,4.147763775349428,-3.43700213069843,,1.0,0
20,4,0.3,correct,0,OLS,0.896478972092756,1.1828808201247976,0.9678068888524569,0.9314136857958063,0.22434244936006556,0.199673645342891,0.009093046188354492,3.452058793241405,-4.440744617961764,4.217378674483096,-3.0808247997656064,3.644894766590334,-4.260678240005621,4.147763775349428,-3.43700213069843,,1.0,0
20,4,0.3,correct,0,Ridge,0.896478972092756,1.1828808201247976,0.9678068888524569,0.9314136857958063,0.22434244936006556,0.199673645342891,0.0067386627197265625,3.452058793241405,-4.440744617961764,4.217378674483096,-3.0808247997656064,3.644894766590334,-4.260678240005621,4.147763775349428,-3.43700213069843,,1.0,0
20,4,0.3,correct,0,Lasso,0.896478972092756,1.1828808201247976,0.9678068888524569,0.9314136857958063,0.22434244936006556,0.199673645342891,0.006078958511352539,3.452058793241405,-4.440744617961764,4.217378674483096,-3.0808247997656064,3.644894766590334,-4.260678240005621,4.147763775349428,-3.43700213069843,,1.0,0
20,4,0.3,correct,0,ElasticNet,,,,,,,,,,,,,,,,name 'ElasticNet' is not defined,0.0,0
20,4,0.3,correct,0,ConstrainedRegression,0.8964789720927558,1.182880820124809,0.9678068888524569,0.931413685795805,0.2243424493600645,0.19967364534289544,0.009021759033203125,3.4520587932413926,-4.440744617961758,4.217378674483118,-3.080824799765617,3.644894766590334,-4.260678240005621,4.147763775349428,-3.43700213069843,,1.0,0
20,4,0.3,correct,0,ConstrainedRidgeRegression,,,,,,,,,,,,,,,,"Parameter grid for parameter 'l1_ratio' needs to be a list or a numpy array, but got 0.0 (of type float) instead. Single values need to be wrapped in a list with one element.",0.0,0
20,4,0.3,correct,0,ConstrainedLassoRegression,,,,,,,,,,,,,,,,"Parameter grid for parameter 'l1_ratio' needs to be a list or a numpy array, but got 1.0 (of type float) instead. Single values need to be wrapped in a list with one element.",0.0,0
20,4,0.3,correct,0,ConstrainedElasticNetRegression,0.9103262640011428,1.2930800585298177,0.9668046784121045,0.9180391765221814,0.2581834295616487,0.20913302470345074,0.5869803428649902,3.3470239506959722,-4.237103872683368,4.039710608431094,-3.0299683820195757,3.644894766590334,-4.260678240005621,4.147763775349428,-3.43700213069843,,1.0,0
20,4,0.7,none,0,OLS,0.8964789720927555,1.1828808201248115,0.9273374441328494,0.9279906657636771,0.34224960413218436,0.32061629882727316,0.006997823715209961,3.340486920723269,-4.098326288642436,4.647347671781572,-3.7531236323451287,3.644894766590334,-4.260678240005621,4.147763775349428,-3.43700213069843,,1.0,0
20,4,0.7,none,0,Ridge,0.8964789720927555,1.1828808201248115,0.9273374441328494,0.9279906657636771,0.34224960413218436,0.32061629882727316,0.006001949310302734,3.340486920723269,-4.098326288642436,4.647347671781572,-3.7531236323451287,3.644894766590334,-4.260678240005621,4.147763775349428,-3.43700213069843,,1.0,0
20,4,0.7,none,0,Lasso,0.8964789720927555,1.1828808201248115,0.9273374441328494,0.9279906657636771,0.34224960413218436,0.32061629882727316,0.005007743835449219,3.340486920723269,-4.098326288642436,4.647347671781572,-3.7531236323451287,3.644894766590334,-4.260678240005621,4.147763775349428,-3.43700213069843,,1.0,0
20,4,0.7,none,0,ElasticNet,,,,,,,,,,,,,,,,name 'ElasticNet' is not defined,0.0,0
20,4,0.7,none,0,ConstrainedRegression,0.8964789720927557,1.182880820124812,0.9273374441328494,0.927990665763677,0.3422496041321844,0.32061629882727316,0.009110450744628906,3.340486920723269,-4.098326288642435,4.6473476717815725,-3.753123632345127,3.644894766590334,-4.260678240005621,4.147763775349428,-3.43700213069843,,1.0,0
20,4,0.7,none,0,ConstrainedRidgeRegression,,,,,,,,,,,,,,,,"Parameter grid for parameter 'l1_ratio' needs to be a list or a numpy array, but got 0.0 (of type float) instead. Single values need to be wrapped in a list with one element.",0.0,0
20,4,0.7,none,0,ConstrainedLassoRegression,,,,,,,,,,,,,,,,"Parameter grid for parameter 'l1_ratio' needs to be a list or a numpy array, but got 1.0 (of type float) instead. Single values need to be wrapped in a list with one element.",0.0,0
20,4,0.7,none,0,ConstrainedElasticNetRegression,0.9291242585759089,1.4019595295080212,0.921949075053099,0.8988472324234761,0.42473063443779463,0.3496382454404039,1.0470068454742432,3.0919342582564364,-3.635573939046257,4.238562818954041,-3.56669125956217,3.644894766590334,-4.260678240005621,4.147763775349428,-3.43700213069843,,1.0,0
20,4,0.7,correct,0,OLS,0.8964789720927555,1.1828808201248115,0.9273374441328494,0.9279906657636771,0.34224960413218436,0.32061629882727316,0.009008646011352539,3.340486920723269,-4.098326288642436,4.647347671781572,-3.7531236323451287,3.644894766590334,-4.260678240005621,4.147763775349428,-3.43700213069843,,1.0,0
20,4,0.7,correct,0,Ridge,0.8964789720927555,1.1828808201248115,0.9273374441328494,0.9279906657636771,0.34224960413218436,0.32061629882727316,0.007467985153198242,3.340486920723269,-4.098326288642436,4.647347671781572,-3.7531236323451287,3.644894766590334,-4.260678240005621,4.147763775349428,-3.43700213069843,,1.0,0
20,4,0.7,correct,0,Lasso,0.8964789720927555,1.1828808201248115,0.9273374441328494,0.9279906657636771,0.34224960413218436,0.32061629882727316,0.004040718078613281,3.340486920723269,-4.098326288642436,4.647347671781572,-3.7531236323451287,3.644894766590334,-4.260678240005621,4.147763775349428,-3.43700213069843,,1.0,0
20,4,0.7,correct,0,ElasticNet,,,,,,,,,,,,,,,,name 'ElasticNet' is not defined,0.0,0
20,4,0.7,correct,0,ConstrainedRegression,0.8964789720927557,1.182880820124812,0.9273374441328494,0.927990665763677,0.3422496041321844,0.32061629882727316,0.010953664779663086,3.340486920723269,-4.098326288642435,4.6473476717815725,-3.753123632345127,3.644894766590334,-4.260678240005621,4.147763775349428,-3.43700213069843,,1.0,0
20,4,0.7,correct,0,ConstrainedRidgeRegression,,,,,,,,,,,,,,,,"Parameter grid for parameter 'l1_ratio' needs to be a list or a numpy array, but got 0.0 (of type float) instead. Single values need to be wrapped in a list with one element.",0.0,0
20,4,0.7,correct,0,ConstrainedLassoRegression,,,,,,,,,,,,,,,,"Parameter grid for parameter 'l1_ratio' needs to be a list or a numpy array, but got 1.0 (of type float) instead. Single values need to be wrapped in a list with one element.",0.0,0
20,4,0.7,correct,0,ConstrainedElasticNetRegression,0.9291242585759089,1.4019595295080212,0.921949075053099,0.8988472324234761,0.42473063443779463,0.3496382454404039,1.2121899127960205,3.0919342582564364,-3.635573939046257,4.238562818954041,-3.56669125956217,3.644894766590334,-4.260678240005621,4.147763775349428,-3.43700213069843,,1.0,0
20,4,0.9,none,0,OLS,0.8964789720927563,1.1828808201248093,0.888008753997002,-47.83964051341123,0.5925982497705383,0.5825541428681117,0.010006427764892578,2.9192044621804705,-3.6569473977523916,3.7272961998221508,-2.8566742814163533,3.644894766590334,-4.260678240005621,4.147763775349428,-3.43700213069843,,1.0,0
20,4,0.9,none,0,Ridge,0.8964789720927563,1.1828808201248093,0.888008753997002,-47.83964051341123,0.5925982497705383,0.5825541428681117,0.006646633148193359,2.9192044621804705,-3.6569473977523916,3.7272961998221508,-2.8566742814163533,3.644894766590334,-4.260678240005621,4.147763775349428,-3.43700213069843,,1.0,0
20,4,0.9,none,0,Lasso,0.8964789720927563,1.1828808201248093,0.888008753997002,-47.83964051341123,0.5925982497705383,0.5825541428681117,0.004998445510864258,2.9192044621804705,-3.6569473977523916,3.7272961998221508,-2.8566742814163533,3.644894766590334,-4.260678240005621,4.147763775349428,-3.43700213069843,,1.0,0
20,4,0.9,none,0,ElasticNet,,,,,,,,,,,,,,,,name 'ElasticNet' is not defined,0.0,0
20,4,0.9,none,0,ConstrainedRegression,0.8964789720927562,1.1828808201248113,0.888008753997002,-47.839640513411396,0.592598249770537,0.5825541428681107,0.009016990661621094,2.919204462180475,-3.6569473977523907,3.727296199822148,-2.8566742814163564,3.644894766590334,-4.260678240005621,4.147763775349428,-3.43700213069843,,1.0,0
20,4,0.9,none,0,ConstrainedRidgeRegression,,,,,,,,,,,,,,,,"Parameter grid for parameter 'l1_ratio' needs to be a list or a numpy array, but got 0.0 (of type float) instead. Single values need to be wrapped in a list with one element.",0.0,0
20,4,0.9,none,0,ConstrainedLassoRegression,,,,,,,,,,,,,,,,"Parameter grid for parameter 'l1_ratio' needs to be a list or a numpy array, but got 1.0 (of type float) instead. Single values need to be wrapped in a list with one element.",0.0,0
20,4,0.9,none,0,ConstrainedElasticNetRegression,0.8981058242384108,1.1754367940648358,0.8876019212240652,-47.226866050070676,0.660335968425645,0.652906000224943,1.1987221240997314,2.8635590208172435,-3.568242758162595,3.63743539982534,-2.8094777329388623,3.644894766590334,-4.260678240005621,4.147763775349428,-3.43700213069843,,1.0,0
20,4,0.9,correct,0,OLS,0.8964789720927563,1.1828808201248093,0.888008753997002,-47.83964051341123,0.5925982497705383,0.5825541428681117,0.007143259048461914,2.9192044621804705,-3.6569473977523916,3.7272961998221508,-2.8566742814163533,3.644894766590334,-4.260678240005621,4.147763775349428,-3.43700213069843,,1.0,0
20,4,0.9,correct,0,Ridge,0.8964789720927563,1.1828808201248093,0.888008753997002,-47.83964051341123,0.5925982497705383,0.5825541428681117,0.0029990673065185547,2.9192044621804705,-3.6569473977523916,3.7272961998221508,-2.8566742814163533,3.644894766590334,-4.260678240005621,4.147763775349428,-3.43700213069843,,1.0,0
20,4,0.9,correct,0,Lasso,0.8964789720927563,1.1828808201248093,0.888008753997002,-47.83964051341123,0.5925982497705383,0.5825541428681117,0.007265806198120117,2.9192044621804705,-3.6569473977523916,3.7272961998221508,-2.8566742814163533,3.644894766590334,-4.260678240005621,4.147763775349428,-3.43700213069843,,1.0,0
20,4,0.9,correct,0,ElasticNet,,,,,,,,,,,,,,,,name 'ElasticNet' is not defined,0.0,0
20,4,0.9,correct,0,ConstrainedRegression,0.8964789720927562,1.1828808201248113,0.888008753997002,-47.839640513411396,0.592598249770537,0.5825541428681107,0.009000539779663086,2.919204462180475,-3.6569473977523907,3.727296199822148,-2.8566742814163564,3.644894766590334,-4.260678240005621,4.147763775349428,-3.43700213069843,,1.0,0
20,4,0.9,correct,0,ConstrainedRidgeRegression,,,,,,,,,,,,,,,,"Parameter grid for parameter 'l1_ratio' needs to be a list or a numpy array, but got 0.0 (of type float) instead. Single values need to be wrapped in a list with one element.",0.0,0
20,4,0.9,correct,0,ConstrainedLassoRegression,,,,,,,,,,,,,,,,"Parameter grid for parameter 'l1_ratio' needs to be a list or a numpy array, but got 1.0 (of type float) instead. Single values need to be wrapped in a list with one element.",0.0,0
20,4,0.9,correct,0,ConstrainedElasticNetRegression,0.8981058242384108,1.1754367940648358,0.8876019212240652,-47.226866050070676,0.660335968425645,0.652906000224943,1.1727545261383057,2.8635590208172435,-3.568242758162595,3.63743539982534,-2.8094777329388623,3.644894766590334,-4.260678240005621,4.147763775349428,-3.43700213069843,,1.0,0
30,4,0.0,none,0,OLS,0.6522718713665372,0.3099914970892708,0.9939352689632297,0.9972029148584366,0.19509181935346825,0.1575928580537198,0.009641170501708984,3.579437012151168,-4.282735095153472,4.411277500865907,-3.7163452278098124,3.644894766590334,-4.260678240005621,4.147763775349428,-3.43700213069843,,1.0,0
30,4,0.0,none,0,Ridge,0.6522718713665372,0.3099914970892708,0.9939352689632297,0.9972029148584366,0.19509181935346825,0.1575928580537198,0.0057866573333740234,3.579437012151168,-4.282735095153472,4.411277500865907,-3.7163452278098124,3.644894766590334,-4.260678240005621,4.147763775349428,-3.43700213069843,,1.0,0
30,4,0.0,none,0,Lasso,0.6522718713665372,0.3099914970892708,0.9939352689632297,0.9972029148584366,0.19509181935346825,0.1575928580537198,0.006042957305908203,3.579437012151168,-4.282735095153472,4.411277500865907,-3.7163452278098124,3.644894766590334,-4.260678240005621,4.147763775349428,-3.43700213069843,,1.0,0
30,4,0.0,none,0,ElasticNet,,,,,,,,,,,,,,,,name 'ElasticNet' is not defined,0.0,0
30,4,0.0,none,0,ConstrainedRegression,0.6522718713665372,0.30999149708926305,0.9939352689632297,0.9972029148584368,0.1950918193534683,0.15759285805371992,0.006952762603759766,3.5794370121511623,-4.282735095153468,4.411277500865906,-3.7163452278098124,3.644894766590334,-4.260678240005621,4.147763775349428,-3.43700213069843,,1.0,0
30,4,0.0,none,0,ConstrainedRidgeRegression,,,,,,,,,,,,,,,,"Parameter grid for parameter 'l1_ratio' needs to be a list or a numpy array, but got 0.0 (of type float) instead. Single values need to be wrapped in a list with one element.",0.0,0
30,4,0.0,none,0,ConstrainedLassoRegression,,,,,,,,,,,,,,,,"Parameter grid for parameter 'l1_ratio' needs to be a list or a numpy array, but got 1.0 (of type float) instead. Single values need to be wrapped in a list with one element.",0.0,0
30,4,0.0,none,0,ConstrainedElasticNetRegression,0.6552996063463181,0.26440838870087013,0.9938788353910513,0.9979650366947289,0.18323106742577827,0.1534909567069308,0.8872284889221191,3.5376950728187566,-4.247677250091353,4.375505396113008,-3.7030236530767278,3.644894766590334,-4.260678240005621,4.147763775349428,-3.43700213069843,,1.0,0
30,4,0.0,correct,0,OLS,0.6522718713665372,0.3099914970892705,0.9949574339392563,0.9974009120662316,0.19509181935346898,0.15759285805372047,0.008211851119995117,3.2887973296425015,-4.344920591618075,5.229520736824589,-4.182450532878856,3.354255084081667,-4.3228637364702225,4.966007011308108,-3.903107435767473,,1.0,0
30,4,0.0,correct,0,Ridge,0.6522718713665372,0.3099914970892705,0.9949574339392563,0.9974009120662316,0.19509181935346898,0.15759285805372047,0.006030082702636719,3.2887973296425015,-4.344920591618075,5.229520736824589,-4.182450532878856,3.354255084081667,-4.3228637364702225,4.966007011308108,-3.903107435767473,,1.0,0
30,4,0.0,correct,0,Lasso,0.6522718713665372,0.3099914970892705,0.9949574339392563,0.9974009120662316,0.19509181935346898,0.15759285805372047,0.006047487258911133,3.2887973296425015,-4.344920591618075,5.229520736824589,-4.182450532878856,3.354255084081667,-4.3228637364702225,4.966007011308108,-3.903107435767473,,1.0,0
30,4,0.0,correct,0,ElasticNet,,,,,,,,,,,,,,,,name 'ElasticNet' is not defined,0.0,0
30,4,0.0,correct,0,ConstrainedRegression,0.6522718713665374,0.3099914970892638,0.9949574339392563,0.9974009120662317,0.19509181935346792,0.15759285805371936,0.010496854782104492,3.288797329642498,-4.34492059161807,5.229520736824588,-4.182450532878853,3.354255084081667,-4.3228637364702225,4.966007011308108,-3.903107435767473,,1.0,0
30,4,0.0,correct,0,ConstrainedRidgeRegression,,,,,,,,,,,,,,,,"Parameter grid for parameter 'l1_ratio' needs to be a list or a numpy array, but got 0.0 (of type float) instead. Single values need to be wrapped in a list with one element.",0.0,0
30,4,0.0,correct,0,ConstrainedLassoRegression,,,,,,,,,,,,,,,,"Parameter grid for parameter 'l1_ratio' needs to be a list or a numpy array, but got 1.0 (of type float) instead. Single values need to be wrapped in a list with one element.",0.0,0
30,4,0.0,correct,0,ConstrainedElasticNetRegression,0.6554513467898488,0.26434669574331543,0.9949081545175682,0.9981099678903417,0.1818905562553162,0.1522902995429417,0.8912158012390137,3.2475061636870666,-4.310355088434297,5.191183635641685,-4.1678344411751365,3.354255084081667,-4.3228637364702225,4.966007011308108,-3.903107435767473,,1.0,0
30,4,0.3,none,0,OLS,0.6522718713665376,0.30999149708926305,0.9878056606325863,0.9966569027303794,0.23109764052139858,0.17189727231950735,0.007528781890869141,3.355168093069841,-4.564120324160843,4.910957100590862,-3.512737853885484,3.354255084081667,-4.3228637364702225,4.966007011308108,-3.903107435767473,,1.0,0
30,4,0.3,none,0,Ridge,0.6522718713665376,0.30999149708926305,0.9878056606325863,0.9966569027303794,0.23109764052139858,0.17189727231950735,0.006998777389526367,3.355168093069841,-4.564120324160843,4.910957100590862,-3.512737853885484,3.354255084081667,-4.3228637364702225,4.966007011308108,-3.903107435767473,,1.0,0
30,4,0.3,none,0,Lasso,0.6522718713665376,0.30999149708926305,0.9878056606325863,0.9966569027303794,0.23109764052139858,0.17189727231950735,0.006998777389526367,3.355168093069841,-4.564120324160843,4.910957100590862,-3.512737853885484,3.354255084081667,-4.3228637364702225,4.966007011308108,-3.903107435767473,,1.0,0
30,4,0.3,none,0,ElasticNet,,,,,,,,,,,,,,,,name 'ElasticNet' is not defined,0.0,0
30,4,0.3,none,0,ConstrainedRegression,0.6522718713665375,0.30999149708926954,0.9878056606325863,0.9966569027303793,0.23109764052140042,0.17189727231950636,0.01005244255065918,3.35516809306984,-4.5641203241608475,4.910957100590872,-3.512737853885481,3.354255084081667,-4.3228637364702225,4.966007011308108,-3.903107435767473,,1.0,0
30,4,0.3,none,0,ConstrainedRidgeRegression,,,,,,,,,,,,,,,,"Parameter grid for parameter 'l1_ratio' needs to be a list or a numpy array, but got 0.0 (of type float) instead. Single values need to be wrapped in a list with one element.",0.0,0
30,4,0.3,none,0,ConstrainedLassoRegression,,,,,,,,,,,,,,,,"Parameter grid for parameter 'l1_ratio' needs to be a list or a numpy array, but got 1.0 (of type float) instead. Single values need to be wrapped in a list with one element.",0.0,0
30,4,0.3,none,0,ConstrainedElasticNetRegression,0.6522718715371643,0.3099990797653969,0.9878056606262066,0.9966567391779326,0.23109943042976447,0.17189741599289088,1.1210379600524902,3.355159143316041,-4.564109996992254,4.910946378255194,-3.5127287246052283,3.354255084081667,-4.3228637364702225,4.966007011308108,-3.903107435767473,,1.0,0
30,4,0.3,correct,0,OLS,0.6522718713665376,0.30999149708926305,0.9878056606325863,0.9966569027303794,0.23109764052139858,0.17189727231950735,0.0056972503662109375,3.355168093069841,-4.564120324160843,4.910957100590862,-3.512737853885484,3.354255084081667,-4.3228637364702225,4.966007011308108,-3.903107435767473,,1.0,0
30,4,0.3,correct,0,Ridge,0.6522718713665376,0.30999149708926305,0.9878056606325863,0.9966569027303794,0.23109764052139858,0.17189727231950735,0.00500178337097168,3.355168093069841,-4.564120324160843,4.910957100590862,-3.512737853885484,3.354255084081667,-4.3228637364702225,4.966007011308108,-3.903107435767473,,1.0,0
30,4,0.3,correct,0,Lasso,0.6522718713665376,0.30999149708926305,0.9878056606325863,0.9966569027303794,0.23109764052139858,0.17189727231950735,0.003991127014160156,3.355168093069841,-4.564120324160843,4.910957100590862,-3.512737853885484,3.354255084081667,-4.3228637364702225,4.966007011308108,-3.903107435767473,,1.0,0
30,4,0.3,correct,0,ElasticNet,,,,,,,,,,,,,,,,name 'ElasticNet' is not defined,0.0,0
30,4,0.3,correct,0,ConstrainedRegression,0.6522718713665375,0.30999149708926954,0.9878056606325863,0.9966569027303793,0.23109764052140042,0.17189727231950636,0.008013486862182617,3.35516809306984,-4.5641203241608475,4.910957100590872,-3.512737853885481,3.354255084081667,-4.3228637364702225,4.966007011308108,-3.903107435767473,,1.0,0
30,4,0.3,correct,0,ConstrainedRidgeRegression,,,,,,,,,,,,,,,,"Parameter grid for parameter 'l1_ratio' needs to be a list or a numpy array, but got 0.0 (of type float) instead. Single values need to be wrapped in a list with one element.",0.0,0
30,4,0.3,correct,0,ConstrainedLassoRegression,,,,,,,,,,,,,,,,"Parameter grid for parameter 'l1_ratio' needs to be a list or a numpy array, but got 1.0 (of type float) instead. Single values need to be wrapped in a list with one element.",0.0,0
30,4,0.3,correct,0,ConstrainedElasticNetRegression,0.6522718715371643,0.3099990797653969,0.9878056606262066,0.9966567391779326,0.23109943042976447,0.17189741599289088,0.9525058269500732,3.355159143316041,-4.564109996992254,4.910946378255194,-3.5127287246052283,3.354255084081667,-4.3228637364702225,4.966007011308108,-3.903107435767473,,1.0,0
30,4,0.7,none,0,OLS,0.6522718713665372,0.30999149708927354,0.9733173461173118,0.9937261915370742,0.35163096705478586,0.29025438152943983,0.008102655410766602,3.3379688870763333,-4.127527097336085,5.388356641509812,-4.430152495544056,3.354255084081667,-4.3228637364702225,4.966007011308108,-3.903107435767473,,1.0,0
30,4,0.7,none,0,Ridge,0.6522718713665372,0.30999149708927354,0.9733173461173118,0.9937261915370742,0.35163096705478586,0.29025438152943983,0.0049517154693603516,3.3379688870763333,-4.127527097336085,5.388356641509812,-4.430152495544056,3.354255084081667,-4.3228637364702225,4.966007011308108,-3.903107435767473,,1.0,0
30,4,0.7,none,0,Lasso,0.6522718713665372,0.30999149708927354,0.9733173461173118,0.9937261915370742,0.35163096705478586,0.29025438152943983,0.006111860275268555,3.3379688870763333,-4.127527097336085,5.388356641509812,-4.430152495544056,3.354255084081667,-4.3228637364702225,4.966007011308108,-3.903107435767473,,1.0,0
30,4,0.7,none,0,ElasticNet,,,,,,,,,,,,,,,,name 'ElasticNet' is not defined,0.0,0
30,4,0.7,none,0,ConstrainedRegression,0.6522718713665375,0.30999149708926776,0.9733173461173118,0.9937261915370744,0.3516309670547849,0.29025438152943805,0.007082462310791016,3.3379688870763378,-4.127527097336083,5.388356641509805,-4.430152495544059,3.354255084081667,-4.3228637364702225,4.966007011308108,-3.903107435767473,,1.0,0
30,4,0.7,none,0,ConstrainedRidgeRegression,,,,,,,,,,,,,,,,"Parameter grid for parameter 'l1_ratio' needs to be a list or a numpy array, but got 0.0 (of type float) instead. Single values need to be wrapped in a list with one element.",0.0,0
30,4,0.7,none,0,ConstrainedLassoRegression,,,,,,,,,,,,,,,,"Parameter grid for parameter 'l1_ratio' needs to be a list or a numpy array, but got 1.0 (of type float) instead. Single values need to be wrapped in a list with one element.",0.0,0
30,4,0.7,none,0,ConstrainedElasticNetRegression,0.6522765812869236,0.30998645929724006,0.9733169607760616,0.9937263954516059,0.35038473656891705,0.29036235742074246,1.0422818660736084,3.335739133417928,-4.123646202989274,5.384257636283054,-4.4285727563308095,3.354255084081667,-4.3228637364702225,4.966007011308108,-3.903107435767473,,1.0,0
30,4,0.7,correct,0,OLS,0.6522718713665372,0.30999149708927354,0.9733173461173118,0.9937261915370742,0.35163096705478586,0.29025438152943983,0.00804901123046875,3.3379688870763333,-4.127527097336085,5.388356641509812,-4.430152495544056,3.354255084081667,-4.3228637364702225,4.966007011308108,-3.903107435767473,,1.0,0
30,4,0.7,correct,0,Ridge,0.6522718713665372,0.30999149708927354,0.9733173461173118,0.9937261915370742,0.35163096705478586,0.29025438152943983,0.003963470458984375,3.3379688870763333,-4.127527097336085,5.388356641509812,-4.430152495544056,3.354255084081667,-4.3228637364702225,4.966007011308108,-3.903107435767473,,1.0,0
30,4,0.7,correct,0,Lasso,0.6522718713665372,0.30999149708927354,0.9733173461173118,0.9937261915370742,0.35163096705478586,0.29025438152943983,0.005040884017944336,3.3379688870763333,-4.127527097336085,5.388356641509812,-4.430152495544056,3.354255084081667,-4.3228637364702225,4.966007011308108,-3.903107435767473,,1.0,0
30,4,0.7,correct,0,ElasticNet,,,,,,,,,,,,,,,,name 'ElasticNet' is not defined,0.0,0
30,4,0.7,correct,0,ConstrainedRegression,0.6522718713665375,0.30999149708926776,0.9733173461173118,0.9937261915370744,0.3516309670547849,0.29025438152943805,0.009993791580200195,3.3379688870763378,-4.127527097336083,5.388356641509805,-4.430152495544059,3.354255084081667,-4.3228637364702225,4.966007011308108,-3.903107435767473,,1.0,0
30,4,0.7,correct,0,ConstrainedRidgeRegression,,,,,,,,,,,,,,,,"Parameter grid for parameter 'l1_ratio' needs to be a list or a numpy array, but got 0.0 (of type float) instead. Single values need to be wrapped in a list with one element.",0.0,0
30,4,0.7,correct,0,ConstrainedLassoRegression,,,,,,,,,,,,,,,,"Parameter grid for parameter 'l1_ratio' needs to be a list or a numpy array, but got 1.0 (of type float) instead. Single values need to be wrapped in a list with one element.",0.0,0
30,4,0.7,correct,0,ConstrainedElasticNetRegression,0.6522765812869236,0.30998645929724006,0.9733169607760616,0.9937263954516059,0.35038473656891705,0.29036235742074246,0.887869119644165,3.335739133417928,-4.123646202989274,5.384257636283054,-4.4285727563308095,3.354255084081667,-4.3228637364702225,4.966007011308108,-3.903107435767473,,1.0,0
30,4,0.9,none,0,OLS,0.6522718713665374,0.30999149708927115,0.9457085305306553,0.9757481360851733,0.6084290375162608,0.5020184780475154,0.00460052490234375,2.6062574392855247,-4.211974626260307,4.74399756612954,-2.975929723762037,3.354255084081667,-4.3228637364702225,4.966007011308108,-3.903107435767473,,1.0,0
30,4,0.9,none,0,Ridge,0.6522718713665374,0.30999149708927115,0.9457085305306553,0.9757481360851733,0.6084290375162608,0.5020184780475154,0.0032095909118652344,2.6062574392855247,-4.211974626260307,4.74399756612954,-2.975929723762037,3.354255084081667,-4.3228637364702225,4.966007011308108,-3.903107435767473,,1.0,0
30,4,0.9,none,0,Lasso,0.6522718713665374,0.30999149708927115,0.9457085305306553,0.9757481360851733,0.6084290375162608,0.5020184780475154,0.0035681724548339844,2.6062574392855247,-4.211974626260307,4.74399756612954,-2.975929723762037,3.354255084081667,-4.3228637364702225,4.966007011308108,-3.903107435767473,,1.0,0
30,4,0.9,none,0,ElasticNet,,,,,,,,,,,,,,,,name 'ElasticNet' is not defined,0.0,0
30,4,0.9,none,0,ConstrainedRegression,0.6522718713665373,0.30999149708926593,0.9457085305306553,0.9757481360851741,0.6084290375162574,0.5020184780475093,0.005599021911621094,2.6062574392855233,-4.211974626260314,4.743997566129552,-2.975929723762043,3.354255084081667,-4.3228637364702225,4.966007011308108,-3.903107435767473,,1.0,0
30,4,0.9,none,0,ConstrainedRidgeRegression,,,,,,,,,,,,,,,,"Parameter grid for parameter 'l1_ratio' needs to be a list or a numpy array, but got 0.0 (of type float) instead. Single values need to be wrapped in a list with one element.",0.0,0
30,4,0.9,none,0,ConstrainedLassoRegression,,,,,,,,,,,,,,,,"Parameter grid for parameter 'l1_ratio' needs to be a list or a numpy array, but got 1.0 (of type float) instead. Single values need to be wrapped in a list with one element.",0.0,0
30,4,0.9,none,0,ConstrainedElasticNetRegression,0.6537370132780289,0.3515629197165784,0.9454643561363536,0.9688073921903757,0.6456957316976726,0.5597900573737822,1.0634121894836426,2.5816508660588764,-4.144110433797331,4.645837013446256,-2.9354747248298785,3.354255084081667,-4.3228637364702225,4.966007011308108,-3.903107435767473,,1.0,0
30,4,0.9,correct,0,OLS,0.6522718713665374,0.30999149708927115,0.9457085305306553,0.9757481360851733,0.6084290375162608,0.5020184780475154,0.008888959884643555,2.6062574392855247,-4.211974626260307,4.74399756612954,-2.975929723762037,3.354255084081667,-4.3228637364702225,4.966007011308108,-3.903107435767473,,1.0,0
30,4,0.9,correct,0,Ridge,0.6522718713665374,0.30999149708927115,0.9457085305306553,0.9757481360851733,0.6084290375162608,0.5020184780475154,0.005000114440917969,2.6062574392855247,-4.211974626260307,4.74399756612954,-2.975929723762037,3.354255084081667,-4.3228637364702225,4.966007011308108,-3.903107435767473,,1.0,0
30,4,0.9,correct,0,Lasso,0.6522718713665374,0.30999149708927115,0.9457085305306553,0.9757481360851733,0.6084290375162608,0.5020184780475154,0.0060558319091796875,2.6062574392855247,-4.211974626260307,4.74399756612954,-2.975929723762037,3.354255084081667,-4.3228637364702225,4.966007011308108,-3.903107435767473,,1.0,0
30,4,0.9,correct,0,ElasticNet,,,,,,,,,,,,,,,,name 'ElasticNet' is not defined,0.0,0
30,4,0.9,correct,0,ConstrainedRegression,0.6522718713665373,0.30999149708926593,0.9457085305306553,0.9757481360851741,0.6084290375162574,0.5020184780475093,0.008988380432128906,2.6062574392855233,-4.211974626260314,4.743997566129552,-2.975929723762043,3.354255084081667,-4.3228637364702225,4.966007011308108,-3.903107435767473,,1.0,0
30,4,0.9,correct,0,ConstrainedRidgeRegression,,,,,,,,,,,,,,,,"Parameter grid for parameter 'l1_ratio' needs to be a list or a numpy array, but got 0.0 (of type float) instead. Single values need to be wrapped in a list with one element.",0.0,0
30,4,0.9,correct,0,ConstrainedLassoRegression,,,,,,,,,,,,,,,,"Parameter grid for parameter 'l1_ratio' needs to be a list or a numpy array, but got 1.0 (of type float) instead. Single values need to be wrapped in a list with one element.",0.0,0
30,4,0.9,correct,0,ConstrainedElasticNetRegression,0.6537370132780289,0.3515629197165784,0.9454643561363536,0.9688073921903757,0.6456957316976726,0.5597900573737822,1.1778593063354492,2.5816508660588764,-4.144110433797331,4.645837013446256,-2.9354747248298785,3.354255084081667,-4.3228637364702225,4.966007011308108,-3.903107435767473,,1.0,0
