Version,Service,tags,Type,Long Title,Indice,1970,1971,1972,1973,1974,1975,1976,197T,1977,1978,1979,1980,1981,1982,1983,1984,1985,1986,1987,1988,1989,1990,1991,1992,1993,1994,1995,1996,1997,1998,1999,2000,2001,2002,2003,2004,2005,2006,2007,2008,2009,2010,2011,2012,2013,2014,2015,2016,2017,2018,2019,2020,2021,2022,2023,2024,2025,2026,2027,2028,2029,2030,2031,2032,2033,2034,2035,2036,2037,2038,2039,2040,2041,2042,2043,2044,2045,2046,2047,2048,2049,2050,2051,2052,2053,2054,2055,2056,2057,2058,2059,2060
Joint Inflation Calculator April 2019,n,Procurement,Raw,"APN = Aircraft Procurement, Navy (1506)",APN,0.1618,0.1692,0.1757,0.1830,0.1935,0.2106,0.2245,0.2324,0.2412,0.2576,0.2801,0.3132,0.3495,0.3995,0.4354,0.4702,0.4862,0.4998,0.5133,0.5287,0.5509,0.5730,0.5976,0.6144,0.6309,0.6436,0.6558,0.6689,0.6809,0.6857,0.6912,0.7009,0.7135,0.7192,0.7264,0.7409,0.7617,0.7853,0.8065,0.8258,0.8382,0.8449,0.8618,0.8773,0.8905,0.9038,0.9138,0.9248,0.9405,0.9612,0.9804,1.0000,1.0200,1.0404,1.0612,1.0824,1.1041,1.1262,1.1487,1.1717,1.1951,1.2190,1.2434,1.2682,1.2936,1.3195,1.3459,1.3728,1.4002,1.4282,1.4568,1.4859,1.5157,1.5460,1.5769,1.6084,1.6406,1.6734,1.7069,1.7410,1.7758,1.8114,1.8476,1.8845,1.9222,1.9607,1.9999,2.0399,2.0807,2.1223,2.1647,2.2080
Joint Inflation Calculator April 2019,n,,Raw,"BRAC = Base Realignment and Closure, Navy (Milcon)",BRAC,0.1643,0.1786,0.1892,0.1997,0.2232,0.2592,0.2670,0.2712,0.2788,0.3002,0.3281,0.3629,0.4014,0.4319,0.4530,0.4702,0.4862,0.4998,0.5133,0.5287,0.5509,0.5730,0.5976,0.6144,0.6309,0.6436,0.6558,0.6689,0.6809,0.6857,0.6912,0.7009,0.7135,0.7192,0.7264,0.7409,0.7617,0.7853,0.8065,0.8258,0.8382,0.8449,0.8618,0.8773,0.8905,0.9038,0.9138,0.9248,0.9405,0.9612,0.9804,1.0000,1.0200,1.0404,1.0612,1.0824,1.1041,1.1262,1.1487,1.1717,1.1951,1.2190,1.2434,1.2682,1.2936,1.3195,1.3459,1.3728,1.4002,1.4282,1.4568,1.4859,1.5157,1.5460,1.5769,1.6084,1.6406,1.6734,1.7069,1.7410,1.7758,1.8114,1.8476,1.8845,1.9222,1.9607,1.9999,2.0399,2.0807,2.1223,2.1647,2.2080
Joint Inflation Calculator April 2019,n,,Raw,"BRAC ER = Base Realignment and Closure, Environmental Restoration Navy EXPIRED",BRAC ER,0.1643,0.1786,0.1892,0.1997,0.2232,0.2592,0.2670,0.2712,0.2788,0.3002,0.3281,0.3629,0.4014,0.4319,0.4530,0.4702,0.4862,0.4998,0.5133,0.5287,0.5509,0.5730,0.5976,0.6144,0.6309,0.6436,0.6558,0.6689,0.6809,0.6857,0.6912,0.7009,0.7135,0.7192,0.7264,0.7409,0.7617,0.7853,0.8065,0.8258,0.8382,0.8449,0.8618,0.8773,0.8905,0.9038,0.9138,0.9248,0.9405,0.9612,0.9804,1.0000,1.0200,1.0404,1.0612,1.0824,1.1041,1.1262,1.1487,1.1717,1.1951,1.2190,1.2434,1.2682,1.2936,1.3195,1.3459,1.3728,1.4002,1.4282,1.4568,1.4859,1.5157,1.5460,1.5769,1.6084,1.6406,1.6734,1.7069,1.7410,1.7758,1.8114,1.8476,1.8845,1.9222,1.9607,1.9999,2.0399,2.0807,2.1223,2.1647,2.2080
Joint Inflation Calculator April 2019,nmd,Manpower,Raw,CICPAY = Civilian Payroll for all services (OSD Cost Element),Civ Pay*,0.1569,0.1708,0.1853,0.1964,0.2142,0.2319,0.2510,0.2584,0.2734,0.2945,0.3123,0.3337,0.3627,0.3826,0.3990,0.4110,0.4259,0.4259,0.4355,0.4452,0.4612,0.4783,0.4974,0.5182,0.5379,0.5428,0.5509,0.5620,0.5774,0.5939,0.6141,0.6417,0.6672,0.6964,0.7258,0.7556,0.7831,0.8081,0.8277,0.8540,0.8865,0.9083,0.9128,0.9128,0.9128,0.9196,0.9288,0.9402,0.9581,0.9768,0.9953,1.0000,1.0158,1.0371,1.0589,1.0811,1.1038,1.1270,1.1506,1.1748,1.1995,1.2247,1.2504,1.2766,1.3035,1.3308,1.3588,1.3873,1.4164,1.4462,1.4766,1.5076,1.5392,1.5715,1.6045,1.6382,1.6726,1.7078,1.7436,1.7803,1.8176,1.8558,1.8948,1.9346,1.9752,2.0167,2.0590,2.1023,2.1464,2.1915,2.2375,2.2845
Joint Inflation Calculator April 2019,nmd,,Raw,ENVREST = Environmental Restoration for all services (O&M) ,ENV  REST,0.1643,0.1786,0.1892,0.1997,0.2232,0.2592,0.2670,0.2712,0.2788,0.3002,0.3281,0.3629,0.4014,0.4319,0.4530,0.4702,0.4862,0.4998,0.5133,0.5287,0.5509,0.5730,0.5976,0.6144,0.6309,0.6436,0.6558,0.6689,0.6809,0.6857,0.6912,0.7009,0.7135,0.7192,0.7264,0.7409,0.7617,0.7853,0.8065,0.8258,0.8382,0.8449,0.8618,0.8773,0.8905,0.9038,0.9138,0.9248,0.9405,0.9612,0.9804,1.0000,1.0200,1.0404,1.0612,1.0824,1.1041,1.1262,1.1487,1.1717,1.1951,1.2190,1.2434,1.2682,1.2936,1.3195,1.3459,1.3728,1.4002,1.4282,1.4568,1.4859,1.5157,1.5460,1.5769,1.6084,1.6406,1.6734,1.7069,1.7410,1.7758,1.8114,1.8476,1.8845,1.9222,1.9607,1.9999,2.0399,2.0807,2.1223,2.1647,2.2080
Joint Inflation Calculator April 2019,nm,,Raw,"FAMHSG (CON)  (Purchases) = Family Housing, Navy & Marine Corps (Construction) (0730)",FH (Con) Purch,0.1618,0.1683,0.1752,0.1793,0.2018,0.2441,0.2606,0.2682,0.2808,0.3007,0.3281,0.3629,0.4014,0.4319,0.4530,0.4702,0.4862,0.4998,0.5133,0.5287,0.5509,0.5730,0.5976,0.6144,0.6309,0.6436,0.6558,0.6689,0.6809,0.6857,0.6912,0.7009,0.7135,0.7192,0.7264,0.7409,0.7617,0.7853,0.8065,0.8258,0.8382,0.8449,0.8618,0.8773,0.8905,0.9038,0.9138,0.9248,0.9405,0.9612,0.9804,1.0000,1.0200,1.0404,1.0612,1.0824,1.1041,1.1262,1.1487,1.1717,1.1951,1.2190,1.2434,1.2682,1.2936,1.3195,1.3459,1.3728,1.4002,1.4282,1.4568,1.4859,1.5157,1.5460,1.5769,1.6084,1.6406,1.6734,1.7069,1.7410,1.7758,1.8114,1.8476,1.8845,1.9222,1.9607,1.9999,2.0399,2.0807,2.1223,2.1647,2.2080
Joint Inflation Calculator April 2019,nm,,Raw,"FAMHSG (OPS)  (Purchases) = Family Housing, Navy & Marine Corps (Operations) (0735)",FH (Ops) Purch,0.1618,0.1683,0.1752,0.1793,0.2018,0.2441,0.2606,0.2682,0.2808,0.3007,0.3281,0.3629,0.4014,0.4319,0.4530,0.4702,0.4862,0.4998,0.5133,0.5287,0.5509,0.5730,0.5976,0.6144,0.6309,0.6436,0.6558,0.6689,0.6809,0.6857,0.6912,0.7009,0.7135,0.7192,0.7264,0.7409,0.7617,0.7853,0.8065,0.8258,0.8382,0.8449,0.8618,0.8773,0.8905,0.9038,0.9138,0.9248,0.9405,0.9612,0.9804,1.0000,1.0200,1.0404,1.0612,1.0824,1.1041,1.1262,1.1487,1.1717,1.1951,1.2190,1.2434,1.2682,1.2936,1.3195,1.3459,1.3728,1.4002,1.4282,1.4568,1.4859,1.5157,1.5460,1.5769,1.6084,1.6406,1.6734,1.7069,1.7410,1.7758,1.8114,1.8476,1.8845,1.9222,1.9607,1.9999,2.0399,2.0807,2.1223,2.1647,2.2080
Joint Inflation Calculator April 2019,nm,,Raw,"FAMHSG Construction (COMPOSITE) Family Housing, Navy & Marine Corps (0730)",FH Con COMP,0.1608,0.1684,0.1763,0.1814,0.2032,0.2422,0.2591,0.2666,0.2795,0.2997,0.3256,0.3584,0.3955,0.4244,0.4448,0.4612,0.4770,0.4885,0.5014,0.5159,0.5371,0.5584,0.5822,0.5996,0.6167,0.6281,0.6397,0.6525,0.6651,0.6718,0.6796,0.6921,0.7066,0.7158,0.7262,0.7429,0.7645,0.7883,0.8093,0.8296,0.8447,0.8535,0.8687,0.8822,0.8936,0.9060,0.9159,0.9269,0.9429,0.9633,0.9825,1.0000,1.0194,1.0399,1.0609,1.0822,1.1040,1.1263,1.1490,1.1721,1.1957,1.2198,1.2444,1.2694,1.2950,1.3211,1.3477,1.3748,1.4025,1.4307,1.4596,1.4890,1.5189,1.5495,1.5807,1.6126,1.6451,1.6782,1.7120,1.7465,1.7816,1.8175,1.8541,1.8915,1.9296,1.9684,2.0081,2.0485,2.0898,2.1319,2.1748,2.2186
Joint Inflation Calculator April 2019,nmd,Fuel,Raw,Fuel for all services (OSD Cost Element),Fuel*,0.0976,0.1020,0.1059,0.1103,0.1168,0.1345,0.1445,0.1445,0.1564,0.1675,0.1936,0.3611,0.4182,0.4653,0.4193,0.3614,0.3352,0.2904,0.2667,0.2235,0.2237,0.1996,0.3737,0.2492,0.2527,0.2884,0.2526,0.2667,0.2702,0.3234,0.2950,0.2204,0.3590,0.3554,0.2985,0.3233,0.4300,0.6866,0.6963,0.9406,0.6472,0.8109,1.0071,1.0384,1.1256,1.0929,1.0285,0.7117,0.7544,0.8295,1.0070,1.0000,0.9730,0.9633,0.9941,1.0110,1.0363,1.0622,1.0887,1.1159,1.1438,1.1724,1.2018,1.2318,1.2626,1.2942,1.3265,1.3597,1.3937,1.4285,1.4642,1.5008,1.5383,1.5768,1.6162,1.6566,1.6980,1.7405,1.7840,1.8286,1.8743,1.9212,1.9692,2.0184,2.0689,2.1206,2.1736,2.2280,2.2837,2.3408,2.3993,2.4593
Joint Inflation Calculator April 2019,nmd,Manpower,Raw,Military Pay only (OSD Cost Element),Mil Pay*,0.1106,0.1198,0.1398,0.1572,0.1678,0.1789,0.1881,0.1904,0.1988,0.2126,0.2253,0.2414,0.2797,0.3180,0.3308,0.3407,0.3543,0.3649,0.3732,0.3815,0.3952,0.4099,0.4262,0.4440,0.4610,0.4728,0.4846,0.4964,0.5106,0.5251,0.5430,0.5675,0.5900,0.6261,0.6588,0.6870,0.7121,0.7349,0.7527,0.7766,0.8062,0.8346,0.8503,0.8635,0.8780,0.8883,0.8971,0.9081,0.9254,0.9469,0.9711,1.0000,1.0272,1.0539,1.0813,1.1094,1.1383,1.1679,1.1983,1.2294,1.2614,1.2942,1.3278,1.3623,1.3978,1.4341,1.4714,1.5096,1.5489,1.5892,1.6305,1.6729,1.7164,1.7610,1.8068,1.8538,1.9020,1.9514,2.0021,2.0542,2.1076,2.1624,2.2186,2.2763,2.3355,2.3962,2.4585,2.5224,2.5880,2.6553,2.7244,2.7952
Joint Inflation Calculator April 2019,n,Milcon,Raw,"MILCON (COMPOSITE) Military Construction, Navy (1205)",Milcon COMP,0.1578,0.1716,0.1821,0.1922,0.2145,0.2478,0.2562,0.2605,0.2683,0.2890,0.3152,0.3477,0.3841,0.4127,0.4328,0.4490,0.4643,0.4764,0.4891,0.5034,0.5242,0.5450,0.5682,0.5855,0.6043,0.6149,0.6257,0.6382,0.6512,0.6593,0.6696,0.6833,0.6984,0.7081,0.7185,0.7354,0.7570,0.7805,0.8013,0.8217,0.8382,0.8449,0.8618,0.8773,0.8905,0.9038,0.9138,0.9248,0.9405,0.9612,0.9804,1.0000,1.0200,1.0404,1.0612,1.0824,1.1041,1.1262,1.1487,1.1717,1.1951,1.2190,1.2434,1.2682,1.2936,1.3195,1.3459,1.3728,1.4002,1.4282,1.4568,1.4859,1.5157,1.5460,1.5769,1.6084,1.6406,1.6734,1.7069,1.7410,1.7758,1.8114,1.8476,1.8845,1.9222,1.9607,1.9999,2.0399,2.0807,2.1223,2.1647,2.2080
Joint Inflation Calculator April 2019,d,,Raw,Defense Wide Military Construction,Milcon DoD,0.1896,0.1982,0.2058,0.2143,0.2267,0.2467,0.2629,0.2723,0.2826,0.3018,0.3281,0.3629,0.4014,0.4319,0.4530,0.4702,0.4862,0.4998,0.5133,0.5287,0.5509,0.5730,0.5976,0.6144,0.6309,0.6436,0.6558,0.6689,0.6809,0.6857,0.6912,0.7009,0.7135,0.7192,0.7264,0.7409,0.7617,0.7853,0.8065,0.8258,0.8382,0.8449,0.8618,0.8773,0.8905,0.9038,0.9138,0.9248,0.9405,0.9612,0.9804,1.0000,1.0200,1.0404,1.0612,1.0824,1.1041,1.1262,1.1487,1.1717,1.1951,1.2190,1.2434,1.2682,1.2936,1.3195,1.3459,1.3728,1.4002,1.4282,1.4568,1.4859,1.5157,1.5460,1.5769,1.6084,1.6406,1.6734,1.7069,1.7410,1.7758,1.8114,1.8476,1.8845,1.9222,1.9607,1.9999,2.0399,2.0807,2.1223,2.1647,2.2080
Joint Inflation Calculator April 2019,n,,Raw,"MILCON (Purchases) = Military Construction, Navy (1205)",Milcon Purch,0.1643,0.1786,0.1892,0.1997,0.2232,0.2592,0.2670,0.2712,0.2788,0.3002,0.3281,0.3629,0.4014,0.4319,0.4530,0.4702,0.4862,0.4998,0.5133,0.5287,0.5509,0.5730,0.5976,0.6144,0.6309,0.6436,0.6558,0.6689,0.6809,0.6857,0.6912,0.7009,0.7135,0.7192,0.7264,0.7409,0.7617,0.7853,0.8065,0.8258,0.8382,0.8449,0.8618,0.8773,0.8905,0.9038,0.9138,0.9248,0.9405,0.9612,0.9804,1.0000,1.0200,1.0404,1.0612,1.0824,1.1041,1.1262,1.1487,1.1717,1.1951,1.2190,1.2434,1.2682,1.2936,1.3195,1.3459,1.3728,1.4002,1.4282,1.4568,1.4859,1.5157,1.5460,1.5769,1.6084,1.6406,1.6734,1.7069,1.7410,1.7758,1.8114,1.8476,1.8845,1.9222,1.9607,1.9999,2.0399,2.0807,2.1223,2.1647,2.2080
Joint Inflation Calculator April 2019,n,,Raw,"MILCON RES  (Purchases) = Military Construction, Naval Reserve (1235)",Milcon Res Purch,0.1643,0.1786,0.1892,0.1997,0.2232,0.2592,0.2670,0.2712,0.2788,0.3002,0.3281,0.3629,0.4014,0.4319,0.4530,0.4702,0.4862,0.4998,0.5133,0.5287,0.5509,0.5730,0.5976,0.6144,0.6309,0.6436,0.6558,0.6689,0.6809,0.6857,0.6912,0.7009,0.7135,0.7192,0.7264,0.7409,0.7617,0.7853,0.8065,0.8258,0.8382,0.8449,0.8618,0.8773,0.8905,0.9038,0.9138,0.9248,0.9405,0.9612,0.9804,1.0000,1.0200,1.0404,1.0612,1.0824,1.1041,1.1262,1.1487,1.1717,1.1951,1.2190,1.2434,1.2682,1.2936,1.3195,1.3459,1.3728,1.4002,1.4282,1.4568,1.4859,1.5157,1.5460,1.5769,1.6084,1.6406,1.6734,1.7069,1.7410,1.7758,1.8114,1.8476,1.8845,1.9222,1.9607,1.9999,2.0399,2.0807,2.1223,2.1647,2.2080
Joint Inflation Calculator April 2019,m,Manpower,Raw,"MPMC (COMPOSITE) Miltary Personnel, Marine Corps (1105)",MPMC COMP,0.1139,0.1230,0.1424,0.1595,0.1706,0.1818,0.1911,0.1940,0.2020,0.2159,0.2290,0.2454,0.2857,0.3237,0.3368,0.3471,0.3609,0.3716,0.3801,0.3888,0.4029,0.4180,0.4349,0.4527,0.4697,0.4816,0.4934,0.5054,0.5193,0.5334,0.5508,0.5746,0.5969,0.6321,0.6641,0.6919,0.7163,0.7392,0.7572,0.7810,0.8098,0.8372,0.8532,0.8669,0.8811,0.8920,0.9011,0.9121,0.9291,0.9505,0.9735,1.0000,1.0252,1.0500,1.0754,1.1013,1.1279,1.1550,1.1829,1.2114,1.2406,1.2705,1.3012,1.3326,1.3647,1.3976,1.4313,1.4658,1.5011,1.5373,1.5744,1.6124,1.6513,1.6911,1.7318,1.7736,1.8164,1.8602,1.9050,1.9510,1.9980,2.0462,2.0955,2.1460,2.1978,2.2508,2.3050,2.3606,2.4175,2.4758,2.5355,2.5967
Joint Inflation Calculator April 2019,m,,Raw,"MPMC (NONPAY Purchases) = Miltary Personnel, Marine Corps (1105)",MPMC Non-pay,0.1822,0.1893,0.1951,0.2067,0.2241,0.2374,0.2511,0.2649,0.2642,0.2792,0.3012,0.3235,0.4014,0.4319,0.4530,0.4702,0.4862,0.4998,0.5133,0.5287,0.5509,0.5730,0.5976,0.6144,0.6309,0.6436,0.6558,0.6689,0.6809,0.6857,0.6912,0.7009,0.7135,0.7192,0.7264,0.7409,0.7617,0.7853,0.8065,0.8258,0.8382,0.8449,0.8618,0.8773,0.8905,0.9038,0.9138,0.9248,0.9405,0.9612,0.9804,1.0000,1.0200,1.0404,1.0612,1.0824,1.1041,1.1262,1.1487,1.1717,1.1951,1.2190,1.2434,1.2682,1.2936,1.3195,1.3459,1.3728,1.4002,1.4282,1.4568,1.4859,1.5157,1.5460,1.5769,1.6084,1.6406,1.6734,1.7069,1.7410,1.7758,1.8114,1.8476,1.8845,1.9222,1.9607,1.9999,2.0399,2.0807,2.1223,2.1647,2.2080
Joint Inflation Calculator April 2019,n,Manpower,Raw,"MPN (COMPOSITE) Military Personnel, Navy (1453)",MPN COMP,0.1162,0.1249,0.1427,0.1588,0.1701,0.1811,0.1906,0.1944,0.2013,0.2149,0.2284,0.2449,0.2873,0.3241,0.3375,0.3481,0.3617,0.3725,0.3810,0.3897,0.4038,0.4189,0.4356,0.4536,0.4707,0.4826,0.4946,0.5066,0.5208,0.5352,0.5528,0.5771,0.5995,0.6351,0.6646,0.6915,0.7159,0.7388,0.7567,0.7806,0.8096,0.8371,0.8531,0.8669,0.8811,0.8920,0.9012,0.9122,0.9291,0.9504,0.9734,1.0000,1.0253,1.0503,1.0758,1.1019,1.1287,1.1562,1.1843,1.2131,1.2426,1.2728,1.3037,1.3354,1.3679,1.4011,1.4352,1.4701,1.5058,1.5424,1.5799,1.6183,1.6577,1.6980,1.7393,1.7815,1.8249,1.8692,1.9147,1.9612,2.0089,2.0577,2.1078,2.1590,2.2115,2.2653,2.3203,2.3767,2.4345,2.4937,2.5543,2.6164
Joint Inflation Calculator April 2019,n,,Raw,"MPN (NONPAY Purchases) = Military Personnel, Navy (1453)",MPN Non-pay,0.1822,0.1893,0.1951,0.2067,0.2241,0.2374,0.2511,0.2649,0.2642,0.2792,0.3012,0.3235,0.4014,0.4319,0.4530,0.4702,0.4862,0.4998,0.5133,0.5287,0.5509,0.5730,0.5976,0.6144,0.6309,0.6436,0.6558,0.6689,0.6809,0.6857,0.6912,0.7009,0.7135,0.7192,0.7264,0.7409,0.7617,0.7853,0.8065,0.8258,0.8382,0.8449,0.8618,0.8773,0.8905,0.9038,0.9138,0.9248,0.9405,0.9612,0.9804,1.0000,1.0200,1.0404,1.0612,1.0824,1.1041,1.1262,1.1487,1.1717,1.1951,1.2190,1.2434,1.2682,1.2936,1.3195,1.3459,1.3728,1.4002,1.4282,1.4568,1.4859,1.5157,1.5460,1.5769,1.6084,1.6406,1.6734,1.7069,1.7410,1.7758,1.8114,1.8476,1.8845,1.9222,1.9607,1.9999,2.0399,2.0807,2.1223,2.1647,2.2080
Joint Inflation Calculator April 2019,n,,Raw,NDSF (Purchases) = National Defense Sealift Fund (4557),NDSF,0.1896,0.1982,0.2058,0.2143,0.2267,0.2467,0.2629,0.2723,0.2826,0.3018,0.3281,0.3629,0.4014,0.4319,0.4530,0.4702,0.4862,0.4998,0.5133,0.5287,0.5509,0.5730,0.5976,0.6144,0.6309,0.6436,0.6558,0.6689,0.6809,0.6857,0.6912,0.7009,0.7135,0.7192,0.7264,0.7409,0.7617,0.7853,0.8065,0.8258,0.8382,0.8449,0.8618,0.8773,0.8905,0.9038,0.9138,0.9248,0.9405,0.9612,0.9804,1.0000,1.0200,1.0404,1.0612,1.0824,1.1041,1.1262,1.1487,1.1717,1.1951,1.2190,1.2434,1.2682,1.2936,1.3195,1.3459,1.3728,1.4002,1.4282,1.4568,1.4859,1.5157,1.5460,1.5769,1.6084,1.6406,1.6734,1.7069,1.7410,1.7758,1.8114,1.8476,1.8845,1.9222,1.9607,1.9999,2.0399,2.0807,2.1223,2.1647,2.2080
Joint Inflation Calculator April 2019,n,,Raw,"NDSF (BLS History) = National Defense Sealift Fund (BLS historical, OSD future)(4557)",NDSF  (BLS HIST),0.1414,0.1487,0.1552,0.1634,0.1781,0.2033,0.2266,0.2312,0.2455,0.2656,0.2917,0.3205,0.3513,0.3777,0.3920,0.4061,0.4146,0.4204,0.4268,0.4379,0.4523,0.4573,0.4646,0.4762,0.4914,0.5121,0.5321,0.5400,0.5449,0.5493,0.5443,0.5623,0.5696,0.5793,0.5972,0.6193,0.6460,0.6776,0.7115,0.7456,0.7695,0.7918,0.8227,0.8474,0.8694,0.8918,0.9071,0.9194,0.9405,0.9612,0.9804,1.0000,1.0200,1.0404,1.0612,1.0824,1.1041,1.1262,1.1487,1.1717,1.1951,1.2190,1.2434,1.2682,1.2936,1.3195,1.3459,1.3728,1.4002,1.4282,1.4568,1.4859,1.5157,1.5460,1.5769,1.6084,1.6406,1.6734,1.7069,1.7410,1.7758,1.8114,1.8476,1.8845,1.9222,1.9607,1.9999,2.0399,2.0807,2.1223,2.1647,2.2080
Joint Inflation Calculator April 2019,d,,Raw,Defense Wide O&M,"O&M, DoD",0.1618,0.1683,0.1752,0.1793,0.2018,0.2441,0.2606,0.2682,0.2808,0.3007,0.3281,0.3629,0.4014,0.4319,0.4530,0.4702,0.4862,0.4998,0.5133,0.5287,0.5509,0.5730,0.5976,0.6144,0.6309,0.6436,0.6558,0.6689,0.6809,0.6857,0.6912,0.7009,0.7135,0.7192,0.7264,0.7409,0.7617,0.7853,0.8065,0.8258,0.8382,0.8449,0.8618,0.8773,0.8905,0.9038,0.9138,0.9248,0.9405,0.9612,0.9804,1.0000,1.0200,1.0404,1.0612,1.0824,1.1041,1.1262,1.1487,1.1717,1.1951,1.2190,1.2434,1.2682,1.2936,1.3195,1.3459,1.3728,1.4002,1.4282,1.4568,1.4859,1.5157,1.5460,1.5769,1.6084,1.6406,1.6734,1.7069,1.7410,1.7758,1.8114,1.8476,1.8845,1.9222,1.9607,1.9999,2.0399,2.0807,2.1223,2.1647,2.2080
Joint Inflation Calculator April 2019,m,O&M,Raw,"O&MMC (COMPOSITE) Operations & Maintenance, Marine Corps (1106)",O&M  MC COMP,0.1533,0.1614,0.1698,0.1755,0.1957,0.2301,0.2465,0.2535,0.2664,0.2858,0.3099,0.3452,0.3805,0.4077,0.4257,0.4392,0.4533,0.4612,0.4724,0.4842,0.5034,0.5226,0.5511,0.5665,0.5834,0.5940,0.6041,0.6163,0.6288,0.6375,0.6461,0.6587,0.6766,0.6875,0.6945,0.7118,0.7353,0.7864,0.8067,0.8316,0.8448,0.8574,0.8742,0.8869,0.8983,0.9093,0.9181,0.9240,0.9408,0.9624,0.9860,1.0000,1.0174,1.0374,1.0588,1.0802,1.1022,1.1247,1.1477,1.1711,1.1950,1.2194,1.2443,1.2697,1.2956,1.3221,1.3491,1.3766,1.4047,1.4334,1.4626,1.4925,1.5230,1.5540,1.5858,1.6181,1.6512,1.6849,1.7193,1.7543,1.7902,1.8267,1.8640,1.9020,1.9409,1.9805,2.0209,2.0622,2.1043,2.1472,2.1910,2.2358
Joint Inflation Calculator April 2019,m,O&M,Raw,"O&MMC (Purchases) = Operations & Maintenance, Marine Corps (1106)",O&M  MC Purch,0.1618,0.1683,0.1752,0.1793,0.2018,0.2441,0.2606,0.2682,0.2808,0.3007,0.3281,0.3629,0.4014,0.4319,0.4530,0.4702,0.4862,0.4998,0.5133,0.5287,0.5509,0.5730,0.5976,0.6144,0.6309,0.6436,0.6558,0.6689,0.6809,0.6857,0.6912,0.7009,0.7135,0.7192,0.7264,0.7409,0.7617,0.7853,0.8065,0.8258,0.8382,0.8449,0.8618,0.8773,0.8905,0.9038,0.9138,0.9248,0.9405,0.9612,0.9804,1.0000,1.0200,1.0404,1.0612,1.0824,1.1041,1.1262,1.1487,1.1717,1.1951,1.2190,1.2434,1.2682,1.2936,1.3195,1.3459,1.3728,1.4002,1.4282,1.4568,1.4859,1.5157,1.5460,1.5769,1.6084,1.6406,1.6734,1.7069,1.7410,1.7758,1.8114,1.8476,1.8845,1.9222,1.9607,1.9999,2.0399,2.0807,2.1223,2.1647,2.2080
Joint Inflation Calculator April 2019,m,,Raw,"O&MMCR (COMPOSITE) Operations & Maintenance, Marine Corps Reserve (1107)",O&M  MCR COMP,0.1588,0.1659,0.1733,0.1781,0.1995,0.2388,0.2553,0.2625,0.2753,0.2951,0.3217,0.3614,0.3996,0.4296,0.4487,0.4633,0.4778,0.4877,0.4993,0.5124,0.5333,0.5531,0.5854,0.5989,0.6155,0.6289,0.6390,0.6522,0.6643,0.6719,0.6772,0.6859,0.7027,0.7098,0.7147,0.7302,0.7543,0.7833,0.8040,0.8281,0.8412,0.8519,0.8696,0.8826,0.8944,0.9069,0.9156,0.9220,0.9385,0.9601,0.9823,1.0000,1.0188,1.0388,1.0598,1.0811,1.1029,1.1251,1.1478,1.1709,1.1946,1.2186,1.2432,1.2683,1.2939,1.3200,1.3466,1.3737,1.4014,1.4297,1.4585,1.4879,1.5179,1.5485,1.5798,1.6116,1.6441,1.6773,1.7111,1.7456,1.7808,1.8167,1.8533,1.8907,1.9288,1.9677,2.0074,2.0479,2.0892,2.1313,2.1743,2.2181
Joint Inflation Calculator April 2019,n,O&M,Raw,"O&MN (COMPOSITE) Operations & Maintenance, Navy (1804)",O&MN COMP,0.1346,0.1428,0.1511,0.1574,0.1732,0.1986,0.2135,0.2187,0.2313,0.2483,0.2705,0.3300,0.3653,0.3917,0.4017,0.4083,0.4185,0.4199,0.4276,0.4353,0.4517,0.4666,0.5061,0.5141,0.5302,0.5421,0.5479,0.5598,0.5722,0.5875,0.5961,0.6072,0.6423,0.6557,0.6662,0.6863,0.7143,0.7694,0.7890,0.8337,0.8384,0.8633,0.8900,0.8994,0.9112,0.9180,0.9221,0.9157,0.9350,0.9593,0.9910,1.0000,1.0142,1.0329,1.0551,1.0766,1.0991,1.1221,1.1456,1.1695,1.1940,1.2190,1.2445,1.2705,1.2971,1.3243,1.3520,1.3803,1.4091,1.4386,1.4687,1.4995,1.5308,1.5629,1.5956,1.6290,1.6631,1.6979,1.7334,1.7697,1.8067,1.8445,1.8831,1.9225,1.9627,2.0038,2.0457,2.0885,2.1322,2.1768,2.2224,2.2689
Joint Inflation Calculator April 2019,n,O&M,Raw,"O&MN (Purchases) Operations & Maintenance, Navy (1804)",O&MN Purch,0.1618,0.1683,0.1752,0.1793,0.2018,0.2441,0.2606,0.2682,0.2808,0.3007,0.3281,0.3629,0.4014,0.4319,0.4530,0.4702,0.4862,0.4998,0.5133,0.5287,0.5509,0.5730,0.5976,0.6144,0.6309,0.6436,0.6558,0.6689,0.6809,0.6857,0.6912,0.7009,0.7135,0.7192,0.7264,0.7409,0.7617,0.7853,0.8065,0.8258,0.8382,0.8449,0.8618,0.8773,0.8905,0.9038,0.9138,0.9248,0.9405,0.9612,0.9804,1.0000,1.0200,1.0404,1.0612,1.0824,1.1041,1.1262,1.1487,1.1717,1.1951,1.2190,1.2434,1.2682,1.2936,1.3195,1.3459,1.3728,1.4002,1.4282,1.4568,1.4859,1.5157,1.5460,1.5769,1.6084,1.6406,1.6734,1.7069,1.7410,1.7758,1.8114,1.8476,1.8845,1.9222,1.9607,1.9999,2.0399,2.0807,2.1223,2.1647,2.2080
Joint Inflation Calculator April 2019,n,O&M,Raw,"O&MN/LF (COMPOSITE) Operations & Maintenance, Navy - Less Fuel (1804)",O&MN/LF COMP,0.1615,0.1719,0.1826,0.1902,0.2109,0.2417,0.2598,0.2674,0.2815,0.3023,0.3253,0.3536,0.3878,0.4134,0.4325,0.4474,0.4630,0.4702,0.4819,0.4949,0.5144,0.5344,0.5566,0.5757,0.5944,0.6032,0.6135,0.6258,0.6399,0.6510,0.6637,0.6823,0.7011,0.7168,0.7327,0.7534,0.7769,0.8013,0.8221,0.8448,0.8656,0.8782,0.8902,0.8978,0.9040,0.9139,0.9235,0.9347,0.9516,0.9710,0.9898,1.0000,1.0174,1.0383,1.0597,1.0816,1.1039,1.1266,1.1499,1.1736,1.1978,1.2225,1.2477,1.2734,1.2996,1.3264,1.3538,1.3817,1.4102,1.4392,1.4689,1.4992,1.5301,1.5616,1.5938,1.6267,1.6602,1.6945,1.7294,1.7650,1.8014,1.8386,1.8765,1.9152,1.9546,1.9949,2.0361,2.0780,2.1209,2.1646,2.2092,2.2548
Joint Inflation Calculator April 2019,n,,Raw,"O&MNR (COMPOSITE) Operations & Maintenance, Naval Reserve (1806)",O&MNR COMP,0.1286,0.1345,0.1404,0.1446,0.1605,0.1907,0.2041,0.2089,0.2203,0.2360,0.2598,0.3237,0.3607,0.3899,0.3980,0.3996,0.4053,0.4059,0.4100,0.4118,0.4267,0.4358,0.4994,0.4923,0.5053,0.5248,0.5259,0.5391,0.5495,0.5692,0.5707,0.5528,0.6019,0.6091,0.6105,0.6286,0.6602,0.7266,0.7444,0.8131,0.7915,0.8322,0.8801,0.8954,0.9202,0.9235,0.9205,0.8922,0.9139,0.9435,0.9879,1.0000,1.0122,1.0284,1.0510,1.0719,1.0944,1.1174,1.1408,1.1647,1.1892,1.2141,1.2396,1.2656,1.2922,1.3193,1.3470,1.3752,1.4041,1.4336,1.4637,1.4944,1.5257,1.5577,1.5904,1.6238,1.6579,1.6927,1.7282,1.7645,1.8015,1.8393,1.8779,1.9173,1.9575,1.9986,2.0405,2.0834,2.1271,2.1717,2.2173,2.2638
Joint Inflation Calculator April 2019,n,,Raw,"O&MNR (Purchases) = Operations & Maintenance, Naval Reserve (1806)",O&MNR Purch,0.1618,0.1683,0.1752,0.1793,0.2018,0.2441,0.2606,0.2682,0.2808,0.3007,0.3281,0.3629,0.4014,0.4319,0.4530,0.4702,0.4862,0.4998,0.5133,0.5287,0.5509,0.5730,0.5976,0.6144,0.6309,0.6436,0.6558,0.6689,0.6809,0.6857,0.6912,0.7009,0.7135,0.7192,0.7264,0.7409,0.7617,0.7853,0.8065,0.8258,0.8382,0.8449,0.8618,0.8773,0.8905,0.9038,0.9138,0.9248,0.9405,0.9612,0.9804,1.0000,1.0200,1.0404,1.0612,1.0824,1.1041,1.1262,1.1487,1.1717,1.1951,1.2190,1.2434,1.2682,1.2936,1.3195,1.3459,1.3728,1.4002,1.4282,1.4568,1.4859,1.5157,1.5460,1.5769,1.6084,1.6406,1.6734,1.7069,1.7410,1.7758,1.8114,1.8476,1.8845,1.9222,1.9607,1.9999,2.0399,2.0807,2.1223,2.1647,2.2080
Joint Inflation Calculator April 2019,n,O&M,Raw,"OPN = Other Procurement, Navy (1810)",OPN,0.1896,0.1982,0.2058,0.2143,0.2267,0.2467,0.2629,0.2723,0.2826,0.3018,0.3281,0.3629,0.4014,0.4319,0.4530,0.4702,0.4862,0.4998,0.5133,0.5287,0.5509,0.5730,0.5976,0.6144,0.6309,0.6436,0.6558,0.6689,0.6809,0.6857,0.6912,0.7009,0.7135,0.7192,0.7264,0.7409,0.7617,0.7853,0.8065,0.8258,0.8382,0.8449,0.8618,0.8773,0.8905,0.9038,0.9138,0.9248,0.9405,0.9612,0.9804,1.0000,1.0200,1.0404,1.0612,1.0824,1.1041,1.1262,1.1487,1.1717,1.1951,1.2190,1.2434,1.2682,1.2936,1.3195,1.3459,1.3728,1.4002,1.4282,1.4568,1.4859,1.5157,1.5460,1.5769,1.6084,1.6406,1.6734,1.7069,1.7410,1.7758,1.8114,1.8476,1.8845,1.9222,1.9607,1.9999,2.0399,2.0807,2.1223,2.1647,2.2080
Joint Inflation Calculator April 2019,nm,O&M,Raw,"PANMC = Procurement of Ammunition, Navy & Marine Corps (1508)",PAN   MC,0.1170,0.1276,0.1369,0.1469,0.1696,0.1973,0.2283,0.2331,0.2468,0.2675,0.2937,0.3284,0.3664,0.4188,0.4565,0.4702,0.4862,0.4998,0.5133,0.5287,0.5509,0.5730,0.5976,0.6144,0.6309,0.6436,0.6558,0.6689,0.6809,0.6857,0.6912,0.7009,0.7135,0.7192,0.7264,0.7409,0.7617,0.7853,0.8065,0.8258,0.8382,0.8449,0.8618,0.8773,0.8905,0.9038,0.9138,0.9248,0.9405,0.9612,0.9804,1.0000,1.0200,1.0404,1.0612,1.0824,1.1041,1.1262,1.1487,1.1717,1.1951,1.2190,1.2434,1.2682,1.2936,1.3195,1.3459,1.3728,1.4002,1.4282,1.4568,1.4859,1.5157,1.5460,1.5769,1.6084,1.6406,1.6734,1.7069,1.7410,1.7758,1.8114,1.8476,1.8845,1.9222,1.9607,1.9999,2.0399,2.0807,2.1223,2.1647,2.2080
Joint Inflation Calculator April 2019,m,Procurement,Raw,"PMC = Procurement, Marine Corps (1109)",PMC,0.1618,0.1692,0.1757,0.1830,0.1935,0.2106,0.2245,0.2324,0.2412,0.2576,0.2801,0.3132,0.3495,0.3995,0.4354,0.4702,0.4862,0.4998,0.5133,0.5287,0.5509,0.5730,0.5976,0.6144,0.6309,0.6436,0.6558,0.6689,0.6809,0.6857,0.6912,0.7009,0.7135,0.7192,0.7264,0.7409,0.7617,0.7853,0.8065,0.8258,0.8382,0.8449,0.8618,0.8773,0.8905,0.9038,0.9138,0.9248,0.9405,0.9612,0.9804,1.0000,1.0200,1.0404,1.0612,1.0824,1.1041,1.1262,1.1487,1.1717,1.1951,1.2190,1.2434,1.2682,1.2936,1.3195,1.3459,1.3728,1.4002,1.4282,1.4568,1.4859,1.5157,1.5460,1.5769,1.6084,1.6406,1.6734,1.7069,1.7410,1.7758,1.8114,1.8476,1.8845,1.9222,1.9607,1.9999,2.0399,2.0807,2.1223,2.1647,2.2080
Joint Inflation Calculator April 2019,d,,Raw,Defense Wide Procurement,PROC DoD,0.1896,0.1982,0.2058,0.2143,0.2267,0.2467,0.2629,0.2723,0.2826,0.3018,0.3281,0.3629,0.4014,0.4319,0.4530,0.4702,0.4862,0.4998,0.5133,0.5287,0.5509,0.5730,0.5976,0.6144,0.6309,0.6436,0.6558,0.6689,0.6809,0.6857,0.6912,0.7009,0.7135,0.7192,0.7264,0.7409,0.7617,0.7853,0.8065,0.8258,0.8382,0.8449,0.8618,0.8773,0.8905,0.9038,0.9138,0.9248,0.9405,0.9612,0.9804,1.0000,1.0200,1.0404,1.0612,1.0824,1.1041,1.1262,1.1487,1.1717,1.1951,1.2190,1.2434,1.2682,1.2936,1.3195,1.3459,1.3728,1.4002,1.4282,1.4568,1.4859,1.5157,1.5460,1.5769,1.6084,1.6406,1.6734,1.7069,1.7410,1.7758,1.8114,1.8476,1.8845,1.9222,1.9607,1.9999,2.0399,2.0807,2.1223,2.1647,2.2080
Joint Inflation Calculator April 2019,n,Development,Raw,"RDT&EN (COMPOSITE) Research, Development, Test & Evaluation, Navy (1319)",RDTEN COMP,0.1822,0.1923,0.2021,0.2112,0.2283,0.2526,0.2698,0.2776,0.2857,0.3055,0.3303,0.3639,0.4017,0.4313,0.4524,0.4696,0.4855,0.4990,0.5125,0.5278,0.5499,0.5719,0.5965,0.6133,0.6299,0.6424,0.6546,0.6677,0.6798,0.6848,0.6905,0.7004,0.7132,0.7191,0.7265,0.7411,0.7619,0.7855,0.8067,0.8261,0.8386,0.8454,0.8622,0.8776,0.8907,0.9040,0.9139,0.9249,0.9406,0.9613,0.9805,1.0000,1.0200,1.0404,1.0612,1.0824,1.1041,1.1262,1.1487,1.1717,1.1951,1.2191,1.2435,1.2683,1.2937,1.3196,1.3460,1.3729,1.4004,1.4284,1.4570,1.4862,1.5159,1.5463,1.5772,1.6088,1.6410,1.6738,1.7073,1.7415,1.7763,1.8118,1.8481,1.8851,1.9228,1.9613,2.0005,2.0406,2.0814,2.1230,2.1655,2.2089
Joint Inflation Calculator April 2019,d,,Raw,"Defense Wide Research, Development, Test & Evaluation",RDTE DoD,0.1896,0.1982,0.2058,0.2143,0.2267,0.2467,0.2629,0.2723,0.2826,0.3018,0.3281,0.3629,0.4014,0.4319,0.4530,0.4702,0.4862,0.4998,0.5133,0.5287,0.5509,0.5730,0.5976,0.6144,0.6309,0.6436,0.6558,0.6689,0.6809,0.6857,0.6912,0.7009,0.7135,0.7192,0.7264,0.7409,0.7617,0.7853,0.8065,0.8258,0.8382,0.8449,0.8618,0.8773,0.8905,0.9038,0.9138,0.9248,0.9405,0.9612,0.9804,1.0000,1.0200,1.0404,1.0612,1.0824,1.1041,1.1262,1.1487,1.1717,1.1951,1.2190,1.2434,1.2682,1.2936,1.3195,1.3459,1.3728,1.4002,1.4282,1.4568,1.4859,1.5157,1.5460,1.5769,1.6084,1.6406,1.6734,1.7069,1.7410,1.7758,1.8114,1.8476,1.8845,1.9222,1.9607,1.9999,2.0399,2.0807,2.1223,2.1647,2.2080
Joint Inflation Calculator April 2019,n,Development,Raw,"RDT&EN (Purchases) = Research, Development, Test & Evaluation, Navy (1319)",RDTEN Purch,0.1832,0.1927,0.2015,0.2103,0.2271,0.2519,0.2686,0.2763,0.2834,0.3027,0.3281,0.3629,0.4014,0.4319,0.4530,0.4702,0.4862,0.4998,0.5133,0.5287,0.5509,0.5730,0.5976,0.6144,0.6309,0.6436,0.6558,0.6689,0.6809,0.6857,0.6912,0.7009,0.7135,0.7192,0.7264,0.7409,0.7617,0.7853,0.8065,0.8258,0.8382,0.8449,0.8618,0.8773,0.8905,0.9038,0.9138,0.9248,0.9405,0.9612,0.9804,1.0000,1.0200,1.0404,1.0612,1.0824,1.1041,1.1262,1.1487,1.1717,1.1951,1.2190,1.2434,1.2682,1.2936,1.3195,1.3459,1.3728,1.4002,1.4282,1.4568,1.4859,1.5157,1.5460,1.5769,1.6084,1.6406,1.6734,1.7069,1.7410,1.7758,1.8114,1.8476,1.8845,1.9222,1.9607,1.9999,2.0399,2.0807,2.1223,2.1647,2.2080
Joint Inflation Calculator April 2019,m,,Raw,"RPMC (COMPOSITE) Reserve Personnel, Marine Corps (1108)",RPMC COMP,0.1182,0.1269,0.1444,0.1604,0.1718,0.1830,0.1925,0.1967,0.2034,0.2170,0.2308,0.2474,0.2910,0.3271,0.3408,0.3516,0.3652,0.3760,0.3849,0.3939,0.4083,0.4238,0.4409,0.4580,0.4744,0.4860,0.4977,0.5095,0.5231,0.5360,0.5517,0.5734,0.5961,0.6323,0.6651,0.6935,0.7175,0.7405,0.7587,0.7822,0.8103,0.8371,0.8530,0.8667,0.8810,0.8919,0.9010,0.9120,0.9290,0.9503,0.9734,1.0000,1.0253,1.0502,1.0755,1.1015,1.1281,1.1554,1.1833,1.2119,1.2411,1.2711,1.3018,1.3332,1.3655,1.3984,1.4322,1.4668,1.5022,1.5385,1.5757,1.6137,1.6527,1.6926,1.7335,1.7754,1.8183,1.8622,1.9072,1.9532,2.0004,2.0487,2.0982,2.1489,2.2008,2.2540,2.3084,2.3642,2.4213,2.4798,2.5397,2.6010
Joint Inflation Calculator April 2019,m,,Raw,"RPMC (NONPAY Purchases) = Reserve Personnel, Marine Corps (1108)",RPMC Non-pay,0.1822,0.1893,0.1951,0.2067,0.2241,0.2374,0.2511,0.2649,0.2642,0.2792,0.3012,0.3235,0.4014,0.4319,0.4530,0.4702,0.4862,0.4998,0.5133,0.5287,0.5509,0.5730,0.5976,0.6144,0.6309,0.6436,0.6558,0.6689,0.6809,0.6857,0.6912,0.7009,0.7135,0.7192,0.7264,0.7409,0.7617,0.7853,0.8065,0.8258,0.8382,0.8449,0.8618,0.8773,0.8905,0.9038,0.9138,0.9248,0.9405,0.9612,0.9804,1.0000,1.0200,1.0404,1.0612,1.0824,1.1041,1.1262,1.1487,1.1717,1.1951,1.2190,1.2434,1.2682,1.2936,1.3195,1.3459,1.3728,1.4002,1.4282,1.4568,1.4859,1.5157,1.5460,1.5769,1.6084,1.6406,1.6734,1.7069,1.7410,1.7758,1.8114,1.8476,1.8845,1.9222,1.9607,1.9999,2.0399,2.0807,2.1223,2.1647,2.2080
Joint Inflation Calculator April 2019,n,,Raw,"RPN (COMPOSITE) Reserve Personnel, Navy (1405)",RPN COMP,0.1190,0.1281,0.1468,0.1636,0.1752,0.1866,0.1963,0.2000,0.2074,0.2214,0.2353,0.2522,0.2953,0.3331,0.3468,0.3577,0.3717,0.3827,0.3916,0.4007,0.4152,0.4308,0.4481,0.4662,0.4834,0.4954,0.5075,0.5197,0.5339,0.5477,0.5645,0.5876,0.6092,0.6419,0.6703,0.6961,0.7204,0.7433,0.7615,0.7852,0.8132,0.8382,0.8544,0.8683,0.8823,0.8936,0.9029,0.9139,0.9306,0.9519,0.9743,1.0000,1.0247,1.0491,1.0741,1.0997,1.1259,1.1527,1.1802,1.2083,1.2371,1.2666,1.2968,1.3277,1.3593,1.3917,1.4249,1.4588,1.4936,1.5292,1.5656,1.6029,1.6411,1.6802,1.7203,1.7613,1.8032,1.8462,1.8902,1.9352,1.9814,2.0286,2.0769,2.1264,2.1771,2.2290,2.2821,2.3365,2.3921,2.4491,2.5075,2.5672
Joint Inflation Calculator April 2019,n,,Raw,"RPN (NONPAY Purchases) = Reserve Personnel, Navy (1405)",RPN Non-pay,0.1822,0.1893,0.1951,0.2067,0.2241,0.2374,0.2511,0.2649,0.2642,0.2792,0.3012,0.3235,0.4014,0.4319,0.4530,0.4702,0.4862,0.4998,0.5133,0.5287,0.5509,0.5730,0.5976,0.6144,0.6309,0.6436,0.6558,0.6689,0.6809,0.6857,0.6912,0.7009,0.7135,0.7192,0.7264,0.7409,0.7617,0.7853,0.8065,0.8258,0.8382,0.8449,0.8618,0.8773,0.8905,0.9038,0.9138,0.9248,0.9405,0.9612,0.9804,1.0000,1.0200,1.0404,1.0612,1.0824,1.1041,1.1262,1.1487,1.1717,1.1951,1.2190,1.2434,1.2682,1.2936,1.3195,1.3459,1.3728,1.4002,1.4282,1.4568,1.4859,1.5157,1.5460,1.5769,1.6084,1.6406,1.6734,1.7069,1.7410,1.7758,1.8114,1.8476,1.8845,1.9222,1.9607,1.9999,2.0399,2.0807,2.1223,2.1647,2.2080
Joint Inflation Calculator April 2019,n,Procurement,Raw,"SCN = Shipbuilding & Conversion, Navy (1611)",SCN,0.1170,0.1276,0.1369,0.1469,0.1696,0.1973,0.2283,0.2331,0.2468,0.2675,0.2937,0.3284,0.3664,0.4188,0.4565,0.4702,0.4862,0.4998,0.5133,0.5287,0.5509,0.5730,0.5976,0.6144,0.6309,0.6436,0.6558,0.6689,0.6809,0.6857,0.6912,0.7009,0.7135,0.7192,0.7264,0.7409,0.7617,0.7853,0.8065,0.8258,0.8382,0.8449,0.8618,0.8773,0.8905,0.9038,0.9138,0.9248,0.9405,0.9612,0.9804,1.0000,1.0200,1.0404,1.0612,1.0824,1.1041,1.1262,1.1487,1.1717,1.1951,1.2190,1.2434,1.2682,1.2936,1.3195,1.3459,1.3728,1.4002,1.4282,1.4568,1.4859,1.5157,1.5460,1.5769,1.6084,1.6406,1.6734,1.7069,1.7410,1.7758,1.8114,1.8476,1.8845,1.9222,1.9607,1.9999,2.0399,2.0807,2.1223,2.1647,2.2080
Joint Inflation Calculator April 2019,n,Procurement,Raw,"SCN (NAVSEA/BLS HIST) = SCN (1611) (Bureau of Labor Statistics Historical, OSD Future)",SCN (BLS HIST),0.1414,0.1487,0.1552,0.1634,0.1781,0.2033,0.2266,0.2312,0.2455,0.2656,0.2917,0.3205,0.3513,0.3777,0.3920,0.4061,0.4146,0.4204,0.4268,0.4379,0.4523,0.4573,0.4646,0.4762,0.4914,0.5121,0.5321,0.5400,0.5449,0.5493,0.5443,0.5623,0.5696,0.5793,0.5972,0.6193,0.6460,0.6776,0.7115,0.7456,0.7695,0.7918,0.8227,0.8474,0.8694,0.8918,0.9071,0.9194,0.9405,0.9612,0.9804,1.0000,1.0200,1.0404,1.0612,1.0824,1.1041,1.1262,1.1487,1.1717,1.1951,1.2190,1.2434,1.2682,1.2936,1.3195,1.3459,1.3728,1.4002,1.4282,1.4568,1.4859,1.5157,1.5460,1.5769,1.6084,1.6406,1.6734,1.7069,1.7410,1.7758,1.8114,1.8476,1.8845,1.9222,1.9607,1.9999,2.0399,2.0807,2.1223,2.1647,2.2080
Joint Inflation Calculator April 2019,n,Procurement,Raw,"WPN = Weapons Procurement, Navy (1507)",WPN,0.1618,0.1692,0.1757,0.1830,0.1935,0.2106,0.2245,0.2324,0.2412,0.2576,0.2801,0.3132,0.3495,0.3995,0.4354,0.4702,0.4862,0.4998,0.5133,0.5287,0.5509,0.5730,0.5976,0.6144,0.6309,0.6436,0.6558,0.6689,0.6809,0.6857,0.6912,0.7009,0.7135,0.7192,0.7264,0.7409,0.7617,0.7853,0.8065,0.8258,0.8382,0.8449,0.8618,0.8773,0.8905,0.9038,0.9138,0.9248,0.9405,0.9612,0.9804,1.0000,1.0200,1.0404,1.0612,1.0824,1.1041,1.1262,1.1487,1.1717,1.1951,1.2190,1.2434,1.2682,1.2936,1.3195,1.3459,1.3728,1.4002,1.4282,1.4568,1.4859,1.5157,1.5460,1.5769,1.6084,1.6406,1.6734,1.7069,1.7410,1.7758,1.8114,1.8476,1.8845,1.9222,1.9607,1.9999,2.0399,2.0807,2.1223,2.1647,2.2080
Joint Inflation Calculator April 2019,n,Procurement,Weighted,"APN = Aircraft Procurement, Navy (1506)",APN,0.1711,0.1783,0.1868,0.2061,0.2160,0.2278,0.2431,0.2572,0.2695,0.2956,0.3306,0.3689,0.4107,0.4461,0.4745,0.4936,0.5079,0.5234,0.5418,0.5653,0.5880,0.6082,0.6257,0.6398,0.6517,0.6638,0.6744,0.6839,0.6898,0.6978,0.7068,0.7161,0.7247,0.7338,0.7485,0.7682,0.7899,0.8118,0.8307,0.8432,0.8549,0.8728,0.8901,0.9029,0.9127,0.9246,0.9386,0.9580,0.9774,0.9972,1.0171,1.0375,1.0582,1.0794,1.1010,1.1230,1.1455,1.1684,1.1917,1.2156,1.2399,1.2647,1.2900,1.3158,1.3421,1.3689,1.3963,1.4242,1.4527,1.4818,1.5114,1.5416,1.5725,1.6039,1.6360,1.6687,1.7021,1.7361,1.7709,1.8063,1.8424,1.8793,1.9168,1.9552,1.9943,2.0342,2.0749,2.1163,2.1587,2.2019,2.2459,2.2908
Joint Inflation Calculator April 2019,n,,Weighted,"BRAC = Base Realignment and Closure, Navy (Milcon)",BRAC,0.1902,0.2020,0.2164,0.2364,0.2648,0.2850,0.2977,0.3158,0.3171,0.3497,0.3571,0.4122,0.4366,0.4609,0.4773,0.4936,0.5085,0.5235,0.5414,0.5611,0.5835,0.6007,0.6224,0.6375,0.6444,0.6564,0.6682,0.6793,0.6876,0.6939,0.7021,0.7126,0.7228,0.7321,0.7422,0.7845,0.8043,0.8023,0.8216,0.8368,0.8469,0.8590,0.8799,0.8938,0.9070,0.9191,0.9313,0.9466,0.9656,0.9855,1.0052,1.0253,1.0458,1.0667,1.0881,1.1098,1.1320,1.1547,1.1778,1.2013,1.2254,1.2499,1.2749,1.3004,1.3264,1.3529,1.3799,1.4075,1.4357,1.4644,1.4937,1.5236,1.5540,1.5851,1.6168,1.6492,1.6821,1.7158,1.7501,1.7851,1.8208,1.8572,1.8944,1.9323,1.9709,2.0103,2.0505,2.0915,2.1334,2.1760,2.2196,2.2639
Joint Inflation Calculator April 2019,n,,Weighted,"BRAC ER = Base Realignment and Closure, Environmental Restoration Navy EXPIRED",BRAC ER,0.1684,0.1831,0.1939,0.2047,0.2288,0.2656,0.2737,0.2779,0.2857,0.3077,0.3363,0.3719,0.4114,0.4426,0.4643,0.4820,0.4984,0.5123,0.5262,0.5419,0.5647,0.5873,0.6125,0.6297,0.6467,0.6589,0.6708,0.6811,0.6882,0.6949,0.7040,0.7144,0.7232,0.7331,0.7480,0.7678,0.7894,0.8098,0.8273,0.8404,0.8464,0.8587,0.8743,0.8883,0.9009,0.9127,0.9244,0.9390,0.9553,0.9754,0.9949,1.0148,1.0351,1.0558,1.0769,1.0985,1.1205,1.1429,1.1657,1.1890,1.2128,1.2371,1.2618,1.2870,1.3128,1.3390,1.3658,1.3931,1.4210,1.4494,1.4784,1.5080,1.5381,1.5689,1.6003,1.6323,1.6649,1.6982,1.7322,1.7668,1.8022,1.8382,1.8750,1.9125,1.9507,1.9897,2.0295,2.0701,2.1115,2.1538,2.1968,2.2408
Joint Inflation Calculator April 2019,nmd,Manpower,Weighted,CICPAY = Civilian Payroll for all services (OSD Cost Element),Civ Pay*,0.1569,0.1708,0.1853,0.1964,0.2142,0.2319,0.2510,0.2584,0.2734,0.2945,0.3123,0.3337,0.3627,0.3826,0.3990,0.4110,0.4259,0.4259,0.4355,0.4452,0.4612,0.4783,0.4974,0.5182,0.5379,0.5428,0.5509,0.5620,0.5774,0.5939,0.6141,0.6417,0.6672,0.6964,0.7258,0.7556,0.7831,0.8081,0.8277,0.8540,0.8865,0.9083,0.9128,0.9128,0.9128,0.9196,0.9288,0.9402,0.9581,0.9768,0.9953,1.0000,1.0158,1.0371,1.0589,1.0811,1.1038,1.1270,1.1506,1.1748,1.1995,1.2247,1.2504,1.2766,1.3035,1.3308,1.3588,1.3873,1.4164,1.4462,1.4766,1.5076,1.5392,1.5715,1.6045,1.6382,1.6726,1.7078,1.7436,1.7803,1.8176,1.8558,1.8948,1.9346,1.9752,2.0167,2.0590,2.1023,2.1464,2.1915,2.2375,2.2845
Joint Inflation Calculator April 2019,nmd,,Weighted,ENVREST = Environmental Restoration for all services (O&M) ,ENV  REST,0.1902,0.2020,0.2164,0.2364,0.2648,0.2850,0.2977,0.3158,0.3171,0.3497,0.3571,0.4122,0.4366,0.4609,0.4773,0.4936,0.5085,0.5235,0.5414,0.5611,0.5835,0.6007,0.6224,0.6375,0.6466,0.6588,0.6706,0.6809,0.6881,0.6947,0.7038,0.7140,0.7228,0.7327,0.7480,0.7678,0.7894,0.8098,0.8273,0.8404,0.8464,0.8587,0.8743,0.8883,0.9009,0.9127,0.9244,0.9390,0.9553,0.9754,0.9949,1.0148,1.0351,1.0558,1.0769,1.0985,1.1205,1.1429,1.1657,1.1890,1.2128,1.2371,1.2618,1.2870,1.3128,1.3390,1.3658,1.3931,1.4210,1.4494,1.4784,1.5080,1.5381,1.5689,1.6003,1.6323,1.6649,1.6982,1.7322,1.7668,1.8022,1.8382,1.8750,1.9125,1.9507,1.9897,2.0295,2.0701,2.1115,2.1538,2.1968,2.2408
Joint Inflation Calculator April 2019,nm,,Weighted,"FAMHSG (CON)  (Purchases) = Family Housing, Navy & Marine Corps (Construction) (0730)",FH (Con) Purch,0.1761,0.1861,0.2010,0.2265,0.2541,0.2699,0.2831,0.3013,0.3261,0.3567,0.3906,0.4228,0.4480,0.4673,0.4836,0.4951,0.5095,0.5255,0.5453,0.5670,0.5890,0.6105,0.6277,0.6401,0.6621,0.6666,0.6763,0.6855,0.6935,0.7016,0.7130,0.7235,0.7311,0.7456,0.7636,0.7883,0.8085,0.8235,0.8393,0.8521,0.8654,0.8792,0.9001,0.9135,0.9265,0.9407,0.9571,0.9760,0.9957,1.0157,1.0360,1.0567,1.0779,1.0994,1.1214,1.1438,1.1667,1.1901,1.2139,1.2381,1.2629,1.2881,1.3139,1.3402,1.3670,1.3943,1.4222,1.4507,1.4797,1.5093,1.5395,1.5702,1.6017,1.6337,1.6664,1.6997,1.7337,1.7684,1.8037,1.8398,1.8766,1.9141,1.9524,1.9915,2.0313,2.0719,2.1133,2.1556,2.1987,2.2427,2.2876,2.3333
Joint Inflation Calculator April 2019,nm,,Weighted,"FAMHSG (OPS)  (Purchases) = Family Housing, Navy & Marine Corps (Operations) (0735)",FH (Ops) Purch,0.1651,0.1715,0.1791,0.1914,0.2187,0.2514,0.2650,0.2752,0.2913,0.3147,0.3451,0.3806,0.4155,0.4421,0.4616,0.4781,0.4931,0.5052,0.5198,0.5375,0.5598,0.5823,0.6054,0.6218,0.6369,0.6494,0.6626,0.6756,0.6845,0.6900,0.6967,0.7068,0.7176,0.7245,0.7354,0.7514,0.7732,0.7953,0.8154,0.8321,0.8436,0.8536,0.8698,0.8845,0.8987,0.9110,0.9222,0.9358,0.9534,0.9736,0.9931,1.0129,1.0332,1.0538,1.0749,1.0964,1.1183,1.1407,1.1635,1.1868,1.2105,1.2347,1.2594,1.2846,1.3103,1.3365,1.3633,1.3905,1.4183,1.4467,1.4756,1.5051,1.5352,1.5660,1.5973,1.6292,1.6618,1.6950,1.7289,1.7635,1.7988,1.8348,1.8715,1.9089,1.9471,1.9860,2.0257,2.0662,2.1076,2.1497,2.1927,2.2366
Joint Inflation Calculator April 2019,nm,,Weighted,"FAMHSG Construction (COMPOSITE) Family Housing, Navy & Marine Corps (0730)",FH Con COMP,0.1637,0.1711,0.1796,0.1919,0.2179,0.2484,0.2628,0.2726,0.2885,0.3116,0.3401,0.3735,0.4075,0.4330,0.4521,0.4678,0.4829,0.4930,0.5069,0.5233,0.5446,0.5663,0.5887,0.6058,0.6218,0.6331,0.6454,0.6581,0.6681,0.6753,0.6843,0.6971,0.7101,0.7203,0.7340,0.7519,0.7745,0.7970,0.8170,0.8351,0.8494,0.8610,0.8756,0.8884,0.9006,0.9122,0.9231,0.9364,0.9541,0.9740,0.9934,1.0111,1.0307,1.0515,1.0727,1.0943,1.1163,1.1388,1.1617,1.1851,1.2090,1.2333,1.2582,1.2835,1.3094,1.3357,1.3626,1.3901,1.4181,1.4466,1.4758,1.5055,1.5358,1.5668,1.5983,1.6305,1.6633,1.6968,1.7310,1.7659,1.8014,1.8377,1.8747,1.9125,1.9510,1.9903,2.0304,2.0713,2.1130,2.1555,2.1990,2.2432
Joint Inflation Calculator April 2019,nmd,Fuel,Weighted,Fuel for all services (OSD Cost Element),Fuel*,0.0976,0.1020,0.1059,0.1103,0.1168,0.1345,0.1445,0.1445,0.1564,0.1675,0.1936,0.3611,0.4182,0.4653,0.4193,0.3614,0.3352,0.2904,0.2667,0.2235,0.2237,0.1996,0.3737,0.2492,0.2527,0.2884,0.2526,0.2667,0.2702,0.3234,0.2950,0.2204,0.3590,0.3554,0.2985,0.3233,0.4300,0.6866,0.6963,0.9406,0.6472,0.8109,1.0071,1.0384,1.1256,1.0929,1.0285,0.7117,0.7544,0.8295,1.0070,1.0000,0.9730,0.9633,0.9941,1.0110,1.0363,1.0622,1.0887,1.1159,1.1438,1.1724,1.2018,1.2318,1.2626,1.2942,1.3265,1.3597,1.3937,1.4285,1.4642,1.5008,1.5383,1.5768,1.6162,1.6566,1.6980,1.7405,1.7840,1.8286,1.8743,1.9212,1.9692,2.0184,2.0689,2.1206,2.1736,2.2280,2.2837,2.3408,2.3993,2.4593
Joint Inflation Calculator April 2019,nmd,Manpower,Weighted,Military Pay only (OSD Cost Element),Mil Pay*,0.1106,0.1198,0.1398,0.1572,0.1678,0.1789,0.1881,0.1904,0.1988,0.2126,0.2253,0.2414,0.2797,0.3180,0.3308,0.3407,0.3543,0.3649,0.3732,0.3815,0.3952,0.4099,0.4262,0.4440,0.4610,0.4728,0.4846,0.4964,0.5106,0.5251,0.5430,0.5675,0.5900,0.6261,0.6588,0.6870,0.7121,0.7349,0.7527,0.7766,0.8062,0.8346,0.8503,0.8635,0.8780,0.8883,0.8971,0.9081,0.9254,0.9469,0.9711,1.0000,1.0272,1.0539,1.0813,1.1094,1.1383,1.1679,1.1983,1.2294,1.2614,1.2942,1.3278,1.3623,1.3978,1.4341,1.4714,1.5096,1.5489,1.5892,1.6305,1.6729,1.7164,1.7610,1.8068,1.8538,1.9020,1.9514,2.0021,2.0542,2.1076,2.1624,2.2186,2.2763,2.3355,2.3962,2.4585,2.5224,2.5880,2.6553,2.7244,2.7952
Joint Inflation Calculator April 2019,n,Milcon,Weighted,"MILCON (COMPOSITE) Military Construction, Navy (1205)",Milcon COMP,0.1809,0.1924,0.2064,0.2250,0.2516,0.2708,0.2836,0.3003,0.3026,0.3332,0.3410,0.3916,0.4155,0.4385,0.4543,0.4697,0.4840,0.4973,0.5135,0.5312,0.5524,0.5680,0.5889,0.6038,0.6142,0.6313,0.6385,0.6494,0.6577,0.6669,0.6806,0.6953,0.7071,0.7210,0.7395,0.7600,0.7830,0.8050,0.8219,0.8372,0.8524,0.8780,0.8977,0.9110,0.9237,0.9370,0.9623,0.9814,1.0013,1.0214,1.0418,1.0627,1.0839,1.1056,1.1277,1.1503,1.1733,1.1967,1.2207,1.2451,1.2700,1.2954,1.3213,1.3477,1.3747,1.4021,1.4302,1.4588,1.4880,1.5177,1.5481,1.5790,1.6106,1.6428,1.6757,1.7092,1.7434,1.7783,1.8138,1.8501,1.8871,1.9248,1.9633,2.0026,2.0427,2.0835,2.1252,2.1677,2.2110,2.2553,2.3004,2.3464
Joint Inflation Calculator April 2019,d,,Weighted,Defense Wide Military Construction,Milcon DoD,0.1941,0.2030,0.2107,0.2195,0.2322,0.2526,0.2693,0.2788,0.2894,0.3091,0.3360,0.3716,0.4110,0.4423,0.4639,0.4816,0.4979,0.5119,0.5257,0.5415,0.5642,0.5868,0.6120,0.6291,0.6514,0.6633,0.6746,0.6841,0.6908,0.6981,0.7076,0.7180,0.7270,0.7386,0.7553,0.7758,0.7971,0.8180,0.8337,0.8469,0.8634,0.8817,0.8991,0.9118,0.9250,0.9430,0.9669,0.9860,1.0060,1.0261,1.0467,1.0676,1.0889,1.1107,1.1329,1.1556,1.1787,1.2023,1.2263,1.2509,1.2759,1.3014,1.3274,1.3540,1.3810,1.4087,1.4368,1.4656,1.4949,1.5248,1.5553,1.5864,1.6181,1.6505,1.6835,1.7171,1.7515,1.7865,1.8223,1.8587,1.8959,1.9338,1.9725,2.0119,2.0522,2.0932,2.1351,2.1778,2.2213,2.2657,2.3111,2.3573
Joint Inflation Calculator April 2019,n,,Weighted,"MILCON (Purchases) = Military Construction, Navy (1205)",Milcon Purch,0.1902,0.2020,0.2164,0.2364,0.2648,0.2850,0.2977,0.3158,0.3171,0.3497,0.3571,0.4122,0.4366,0.4609,0.4773,0.4936,0.5085,0.5235,0.5414,0.5611,0.5835,0.6007,0.6224,0.6375,0.6501,0.6657,0.6767,0.6857,0.6900,0.6962,0.7073,0.7164,0.7245,0.7348,0.7512,0.7708,0.7927,0.8142,0.8308,0.8449,0.8565,0.8780,0.8977,0.9110,0.9237,0.9370,0.9623,0.9814,1.0013,1.0214,1.0418,1.0627,1.0839,1.1056,1.1277,1.1503,1.1733,1.1967,1.2207,1.2451,1.2700,1.2954,1.3213,1.3477,1.3747,1.4021,1.4302,1.4588,1.4880,1.5177,1.5481,1.5790,1.6106,1.6428,1.6757,1.7092,1.7434,1.7783,1.8138,1.8501,1.8871,1.9248,1.9633,2.0026,2.0427,2.0835,2.1252,2.1677,2.2110,2.2553,2.3004,2.3464
Joint Inflation Calculator April 2019,n,,Weighted,"MILCON RES  (Purchases) = Military Construction, Naval Reserve (1235)",Milcon Res Purch,0.1902,0.2020,0.2203,0.2403,0.2687,0.2834,0.2968,0.3190,0.3171,0.3497,0.3561,0.4122,0.4366,0.4609,0.4728,0.4884,0.5027,0.5204,0.5370,0.5581,0.5800,0.6017,0.6221,0.6296,0.6641,0.6725,0.6780,0.6855,0.6917,0.7007,0.7092,0.7198,0.7227,0.7350,0.7506,0.7744,0.7963,0.8161,0.8321,0.8449,0.8566,0.8786,0.8975,0.9110,0.9182,0.9306,0.9515,0.9702,0.9900,1.0099,1.0301,1.0507,1.0717,1.0931,1.1150,1.1373,1.1600,1.1832,1.2069,1.2310,1.2557,1.2808,1.3064,1.3325,1.3592,1.3864,1.4141,1.4424,1.4712,1.5006,1.5307,1.5613,1.5925,1.6243,1.6568,1.6900,1.7238,1.7582,1.7934,1.8293,1.8659,1.9032,1.9412,1.9801,2.0197,2.0601,2.1013,2.1433,2.1861,2.2299,2.2745,2.3200
Joint Inflation Calculator April 2019,m,Manpower,Weighted,"MPMC (COMPOSITE) Miltary Personnel, Marine Corps (1105)",MPMC COMP,0.1139,0.1230,0.1424,0.1596,0.1706,0.1818,0.1911,0.1940,0.2020,0.2159,0.2290,0.2455,0.2857,0.3237,0.3369,0.3472,0.3609,0.3717,0.3803,0.3890,0.4032,0.4184,0.4364,0.4531,0.4699,0.4817,0.4936,0.5056,0.5194,0.5335,0.5509,0.5747,0.5969,0.6321,0.6642,0.6921,0.7167,0.7393,0.7574,0.7811,0.8099,0.8374,0.8538,0.8674,0.8816,0.8925,0.9016,0.9128,0.9300,0.9513,0.9745,1.0012,1.0265,1.0514,1.0769,1.1028,1.1294,1.1567,1.1846,1.2131,1.2424,1.2723,1.3030,1.3344,1.3666,1.3996,1.4333,1.4679,1.5033,1.5395,1.5766,1.6146,1.6536,1.6934,1.7343,1.7761,1.8189,1.8628,1.9077,1.9537,2.0008,2.0490,2.0984,2.1490,2.2009,2.2539,2.3083,2.3639,2.4209,2.4793,2.5391,2.6003
Joint Inflation Calculator April 2019,m,,Weighted,"MPMC (NONPAY Purchases) = Miltary Personnel, Marine Corps (1105)",MPMC Non-pay,0.1824,0.1895,0.1954,0.2070,0.2247,0.2375,0.2511,0.2650,0.2646,0.2793,0.3017,0.3244,0.4014,0.4319,0.4548,0.4723,0.4879,0.5008,0.5171,0.5349,0.5576,0.5807,0.6053,0.6210,0.6341,0.6473,0.6593,0.6738,0.6823,0.6874,0.6935,0.7032,0.7142,0.7199,0.7284,0.7452,0.7644,0.7883,0.8092,0.8279,0.8400,0.8484,0.8644,0.8795,0.8929,0.9061,0.9162,0.9281,0.9450,0.9655,0.9848,1.0045,1.0245,1.0450,1.0659,1.0873,1.1090,1.1312,1.1538,1.1769,1.2004,1.2244,1.2489,1.2739,1.2994,1.3254,1.3519,1.3789,1.4065,1.4346,1.4633,1.4926,1.5224,1.5529,1.5839,1.6156,1.6479,1.6809,1.7145,1.7488,1.7838,1.8194,1.8558,1.8929,1.9308,1.9694,2.0088,2.0490,2.0900,2.1318,2.1744,2.2179
Joint Inflation Calculator April 2019,n,Manpower,Weighted,"MPN (COMPOSITE) Military Personnel, Navy (1453)",MPN COMP,0.1162,0.1249,0.1428,0.1589,0.1702,0.1811,0.1906,0.1944,0.2014,0.2149,0.2285,0.2451,0.2873,0.3241,0.3377,0.3482,0.3618,0.3728,0.3815,0.3899,0.4039,0.4190,0.4357,0.4536,0.4708,0.4827,0.4947,0.5067,0.5209,0.5352,0.5529,0.5771,0.5995,0.6351,0.6647,0.6916,0.7162,0.7389,0.7568,0.7807,0.8097,0.8372,0.8538,0.8676,0.8816,0.8924,0.9016,0.9128,0.9298,0.9511,0.9742,1.0008,1.0262,1.0512,1.0768,1.1030,1.1298,1.1572,1.1854,1.2142,1.2437,1.2740,1.3049,1.3366,1.3691,1.4024,1.4365,1.4714,1.5072,1.5439,1.5814,1.6198,1.6592,1.6996,1.7409,1.7832,1.8265,1.8710,1.9164,1.9630,2.0108,2.0596,2.1097,2.1610,2.2135,2.2673,2.3225,2.3789,2.4368,2.4960,2.5567,2.6188
Joint Inflation Calculator April 2019,n,,Weighted,"MPN (NONPAY Purchases) = Military Personnel, Navy (1453)",MPN Non-pay,0.1822,0.1894,0.1953,0.2071,0.2247,0.2375,0.2511,0.2651,0.2645,0.2794,0.3017,0.3248,0.4014,0.4319,0.4544,0.4713,0.4871,0.5034,0.5187,0.5343,0.5547,0.5785,0.6017,0.6175,0.6344,0.6463,0.6590,0.6716,0.6817,0.6868,0.6935,0.7024,0.7140,0.7197,0.7272,0.7426,0.7637,0.7869,0.8079,0.8269,0.8393,0.8472,0.8645,0.8805,0.8927,0.9056,0.9157,0.9274,0.9438,0.9643,0.9836,1.0033,1.0234,1.0438,1.0647,1.0860,1.1077,1.1299,1.1525,1.1755,1.1990,1.2230,1.2475,1.2724,1.2979,1.3238,1.3503,1.3773,1.4048,1.4329,1.4616,1.4908,1.5206,1.5511,1.5821,1.6137,1.6460,1.6789,1.7125,1.7467,1.7817,1.8173,1.8537,1.8907,1.9285,1.9671,2.0065,2.0466,2.0875,2.1293,2.1719,2.2153
Joint Inflation Calculator April 2019,n,,Weighted,NDSF (Purchases) = National Defense Sealift Fund (4557),NDSF,0.1933,0.2021,0.2099,0.2186,0.2312,0.2516,0.2682,0.2777,0.2882,0.3078,0.3346,0.3701,0.4093,0.4405,0.4620,0.4796,0.4959,0.5098,0.5236,0.5393,0.5619,0.5844,0.6095,0.6266,0.6435,0.6553,0.6671,0.6788,0.6876,0.6935,0.7014,0.7124,0.7234,0.7278,0.7396,0.7632,0.7838,0.8046,0.8232,0.8392,0.8507,0.8610,0.8806,0.8947,0.9079,0.9210,0.9339,0.9537,0.9723,0.9924,1.0122,1.0325,1.0531,1.0742,1.0957,1.1176,1.1399,1.1627,1.1860,1.2097,1.2339,1.2586,1.2838,1.3094,1.3356,1.3623,1.3896,1.4174,1.4457,1.4746,1.5041,1.5342,1.5649,1.5962,1.6281,1.6607,1.6939,1.7278,1.7623,1.7976,1.8335,1.8702,1.9076,1.9458,1.9847,2.0244,2.0649,2.1062,2.1483,2.1912,2.2351,2.2798
Joint Inflation Calculator April 2019,n,,Weighted,"NDSF (BLS History) = National Defense Sealift Fund (BLS historical, OSD future)(4557)",NDSF  (BLS HIST),0.1648,0.1772,0.1946,0.2191,0.2417,0.2672,0.2882,0.3180,0.3197,0.3492,0.3565,0.3872,0.3999,0.4118,0.4186,0.4268,0.4354,0.4455,0.4555,0.4690,0.4832,0.4971,0.5110,0.5242,0.5082,0.5251,0.5386,0.5450,0.5500,0.5535,0.5595,0.5741,0.5854,0.5947,0.6157,0.6495,0.6786,0.7101,0.7421,0.7718,0.7955,0.8190,0.8521,0.8743,0.8947,0.9135,0.9297,0.9520,0.9723,0.9924,1.0122,1.0325,1.0531,1.0742,1.0957,1.1176,1.1399,1.1627,1.1860,1.2097,1.2339,1.2586,1.2838,1.3094,1.3356,1.3623,1.3896,1.4174,1.4457,1.4746,1.5041,1.5342,1.5649,1.5962,1.6281,1.6607,1.6939,1.7278,1.7623,1.7976,1.8335,1.8702,1.9076,1.9458,1.9847,2.0244,2.0649,2.1062,2.1483,2.1912,2.2351,2.2798
Joint Inflation Calculator April 2019,d,,Weighted,Defense Wide O&M,"O&M, DoD",0.1635,0.1701,0.1771,0.1813,0.2040,0.2468,0.2634,0.2711,0.2838,0.3040,0.3317,0.3668,0.4057,0.4366,0.4579,0.4753,0.4915,0.5053,0.5189,0.5345,0.5569,0.5792,0.6041,0.6210,0.6378,0.6503,0.6626,0.6746,0.6838,0.6893,0.6966,0.7070,0.7171,0.7242,0.7341,0.7540,0.7754,0.7971,0.8176,0.8343,0.8446,0.8556,0.8755,0.8864,0.8987,0.9114,0.9225,0.9374,0.9544,0.9744,0.9939,1.0138,1.0341,1.0548,1.0759,1.0974,1.1193,1.1417,1.1645,1.1878,1.2116,1.2358,1.2605,1.2857,1.3115,1.3377,1.3644,1.3917,1.4196,1.4480,1.4769,1.5065,1.5366,1.5673,1.5987,1.6306,1.6633,1.6965,1.7304,1.7651,1.8004,1.8364,1.8731,1.9106,1.9488,1.9877,2.0275,2.0680,2.1094,2.1516,2.1946,2.2385
Joint Inflation Calculator April 2019,m,O&M,Weighted,"O&MMC (COMPOSITE) Operations & Maintenance, Marine Corps (1106)",O&M  MC COMP,0.1542,0.1623,0.1709,0.1794,0.2027,0.2328,0.2491,0.2599,0.2710,0.2926,0.3188,0.3604,0.3923,0.4149,0.4312,0.4445,0.4579,0.4660,0.4780,0.4917,0.5109,0.5305,0.5574,0.5720,0.5878,0.5985,0.6087,0.6208,0.6307,0.6407,0.6506,0.6639,0.6793,0.6911,0.7021,0.7212,0.7496,0.7948,0.8159,0.8403,0.8515,0.8686,0.8854,0.8980,0.9064,0.9159,0.9245,0.9321,0.9507,0.9710,0.9945,1.0091,1.0265,1.0471,1.0688,1.0905,1.1127,1.1354,1.1586,1.1823,1.2064,1.2310,1.2561,1.2818,1.3080,1.3346,1.3619,1.3897,1.4181,1.4470,1.4765,1.5067,1.5374,1.5688,1.6008,1.6335,1.6669,1.7009,1.7356,1.7710,1.8072,1.8441,1.8817,1.9201,1.9593,1.9993,2.0401,2.0818,2.1243,2.1676,2.2119,2.2570
Joint Inflation Calculator April 2019,m,O&M,Weighted,"O&MMC (Purchases) = Operations & Maintenance, Marine Corps (1106)",O&M  MC Purch,0.1631,0.1695,0.1767,0.1848,0.2119,0.2482,0.2644,0.2775,0.2876,0.3107,0.3412,0.3850,0.4185,0.4424,0.4612,0.4781,0.4930,0.5069,0.5216,0.5401,0.5624,0.5847,0.6068,0.6224,0.6375,0.6503,0.6624,0.6752,0.6837,0.6902,0.6976,0.7080,0.7172,0.7242,0.7358,0.7528,0.7808,0.7993,0.8185,0.8372,0.8469,0.8595,0.8759,0.8912,0.9008,0.9127,0.9232,0.9371,0.9548,0.9748,0.9943,1.0142,1.0344,1.0551,1.0762,1.0978,1.1197,1.1421,1.1650,1.1883,1.2120,1.2363,1.2610,1.2862,1.3119,1.3382,1.3649,1.3922,1.4201,1.4485,1.4774,1.5070,1.5371,1.5679,1.5992,1.6312,1.6638,1.6971,1.7311,1.7657,1.8010,1.8370,1.8738,1.9112,1.9495,1.9884,2.0282,2.0688,2.1101,2.1524,2.1954,2.2393
Joint Inflation Calculator April 2019,m,,Weighted,"O&MMCR (COMPOSITE) Operations & Maintenance, Marine Corps Reserve (1107)",O&M  MCR COMP,0.1600,0.1670,0.1747,0.1828,0.2083,0.2423,0.2586,0.2706,0.2813,0.3037,0.3330,0.3809,0.4148,0.4390,0.4559,0.4701,0.4837,0.4939,0.5063,0.5219,0.5430,0.5627,0.5933,0.6058,0.6212,0.6349,0.6449,0.6579,0.6668,0.6760,0.6830,0.6924,0.7061,0.7143,0.7234,0.7412,0.7693,0.7948,0.8140,0.8380,0.8486,0.8645,0.8810,0.8938,0.9027,0.9151,0.9240,0.9330,0.9513,0.9722,0.9946,1.0125,1.0316,1.0519,1.0733,1.0948,1.1169,1.1394,1.1624,1.1858,1.2097,1.2341,1.2590,1.2844,1.3103,1.3367,1.3637,1.3912,1.4192,1.4478,1.4770,1.5068,1.5372,1.5682,1.5998,1.6321,1.6650,1.6986,1.7328,1.7677,1.8034,1.8398,1.8769,1.9147,1.9533,1.9927,2.0329,2.0739,2.1157,2.1583,2.2019,2.2463
Joint Inflation Calculator April 2019,n,O&M,Weighted,"O&MN (COMPOSITE) Operations & Maintenance, Navy (1804)",O&MN COMP,0.1350,0.1432,0.1517,0.1594,0.1767,0.2000,0.2148,0.2219,0.2336,0.2517,0.2750,0.3384,0.3719,0.3961,0.4051,0.4121,0.4219,0.4242,0.4326,0.4412,0.4580,0.4732,0.5109,0.5179,0.5326,0.5446,0.5503,0.5619,0.5733,0.5893,0.5985,0.6098,0.6439,0.6588,0.6705,0.6931,0.7216,0.7747,0.7951,0.8372,0.8416,0.8688,0.8967,0.9030,0.9149,0.9210,0.9251,0.9200,0.9399,0.9633,0.9951,1.0042,1.0187,1.0377,1.0598,1.0814,1.1040,1.1271,1.1507,1.1748,1.1994,1.2245,1.2501,1.2762,1.3029,1.3302,1.3580,1.3865,1.4155,1.4451,1.4753,1.5062,1.5377,1.5699,1.6027,1.6363,1.6705,1.7055,1.7412,1.7776,1.8148,1.8528,1.8915,1.9311,1.9715,2.0128,2.0549,2.0979,2.1418,2.1866,2.2324,2.2791
Joint Inflation Calculator April 2019,n,O&M,Weighted,"O&MN (Purchases) Operations & Maintenance, Navy (1804)",O&MN Purch,0.1631,0.1695,0.1767,0.1848,0.2119,0.2482,0.2644,0.2775,0.2876,0.3107,0.3412,0.3850,0.4185,0.4424,0.4616,0.4790,0.4938,0.5098,0.5251,0.5410,0.5649,0.5879,0.6088,0.6231,0.6366,0.6494,0.6614,0.6739,0.6837,0.6899,0.6965,0.7064,0.7168,0.7251,0.7341,0.7535,0.7744,0.7961,0.8166,0.8329,0.8439,0.8546,0.8740,0.8854,0.8992,0.9108,0.9215,0.9357,0.9531,0.9732,0.9927,1.0126,1.0328,1.0535,1.0745,1.0960,1.1179,1.1403,1.1631,1.1864,1.2101,1.2343,1.2590,1.2842,1.3098,1.3360,1.3628,1.3900,1.4178,1.4462,1.4751,1.5046,1.5347,1.5654,1.5967,1.6286,1.6612,1.6944,1.7283,1.7629,1.7981,1.8341,1.8708,1.9082,1.9464,1.9853,2.0250,2.0655,2.1068,2.1489,2.1919,2.2358
Joint Inflation Calculator April 2019,n,O&M,Weighted,"O&MN/LF (COMPOSITE) Operations & Maintenance, Navy - Less Fuel (1804)",O&MN/LF COMP,0.1621,0.1725,0.1834,0.1932,0.2161,0.2437,0.2617,0.2721,0.2849,0.3074,0.3318,0.3645,0.3962,0.4187,0.4367,0.4520,0.4672,0.4754,0.4879,0.5019,0.5220,0.5423,0.5621,0.5801,0.5971,0.6060,0.6164,0.6283,0.6412,0.6530,0.6665,0.6853,0.7030,0.7203,0.7375,0.7611,0.7850,0.8073,0.8287,0.8487,0.8690,0.8843,0.8975,0.9017,0.9081,0.9172,0.9267,0.9393,0.9570,0.9754,0.9942,1.0046,1.0222,1.0435,1.0648,1.0868,1.1092,1.1321,1.1554,1.1792,1.2035,1.2284,1.2537,1.2795,1.3059,1.3328,1.3603,1.3883,1.4170,1.4462,1.4760,1.5064,1.5375,1.5692,1.6015,1.6345,1.6682,1.7026,1.7377,1.7736,1.8101,1.8474,1.8855,1.9244,1.9641,2.0046,2.0459,2.0881,2.1311,2.1750,2.2199,2.2656
Joint Inflation Calculator April 2019,n,,Weighted,"O&MNR (COMPOSITE) Operations & Maintenance, Naval Reserve (1806)",O&MNR COMP,0.1300,0.1359,0.1418,0.1496,0.1680,0.1939,0.2058,0.2117,0.2246,0.2418,0.2669,0.3323,0.3676,0.3949,0.4020,0.4040,0.4089,0.4105,0.4152,0.4189,0.4339,0.4419,0.5052,0.4991,0.5092,0.5284,0.5296,0.5418,0.5511,0.5713,0.5743,0.5560,0.6038,0.6117,0.6152,0.6356,0.6681,0.7345,0.7515,0.8167,0.7943,0.8379,0.8850,0.8994,0.9243,0.9266,0.9239,0.8967,0.9190,0.9487,0.9931,1.0053,1.0174,1.0338,1.0564,1.0774,1.1000,1.1231,1.1467,1.1707,1.1953,1.2204,1.2460,1.2721,1.2988,1.3261,1.3539,1.3823,1.4113,1.4410,1.4712,1.5021,1.5336,1.5658,1.5986,1.6322,1.6664,1.7014,1.7371,1.7735,1.8108,1.8488,1.8876,1.9272,1.9676,2.0089,2.0510,2.0941,2.1380,2.1829,2.2287,2.2755
Joint Inflation Calculator April 2019,n,,Weighted,"O&MNR (Purchases) = Operations & Maintenance, Naval Reserve (1806)",O&MNR Purch,0.1642,0.1707,0.1775,0.1878,0.2148,0.2497,0.2637,0.2731,0.2883,0.3108,0.3405,0.3761,0.4120,0.4395,0.4594,0.4773,0.4923,0.5072,0.5219,0.5404,0.5627,0.5831,0.6064,0.6254,0.6374,0.6499,0.6626,0.6742,0.6840,0.6893,0.6973,0.7076,0.7166,0.7234,0.7337,0.7522,0.7734,0.7966,0.8174,0.8314,0.8422,0.8531,0.8693,0.8838,0.8975,0.9091,0.9195,0.9324,0.9495,0.9697,0.9891,1.0089,1.0291,1.0496,1.0706,1.0920,1.1139,1.1362,1.1589,1.1821,1.2057,1.2298,1.2544,1.2795,1.3051,1.3312,1.3578,1.3850,1.4127,1.4409,1.4698,1.4991,1.5291,1.5597,1.5909,1.6227,1.6552,1.6883,1.7221,1.7565,1.7916,1.8275,1.8640,1.9013,1.9393,1.9781,2.0177,2.0580,2.0992,2.1412,2.1840,2.2277
Joint Inflation Calculator April 2019,n,O&M,Weighted,"OPN = Other Procurement, Navy (1810)",OPN,0.2013,0.2105,0.2162,0.2313,0.2547,0.2713,0.2925,0.3126,0.3221,0.3492,0.3860,0.4177,0.4443,0.4635,0.4810,0.4953,0.5099,0.5277,0.5467,0.5719,0.5937,0.6129,0.6240,0.6433,0.6507,0.6599,0.6713,0.6798,0.6875,0.6934,0.7021,0.7119,0.7214,0.7310,0.7455,0.7639,0.7854,0.8114,0.8291,0.8425,0.8536,0.8701,0.8829,0.8969,0.9093,0.9214,0.9343,0.9506,0.9698,0.9896,1.0094,1.0296,1.0502,1.0712,1.0926,1.1144,1.1367,1.1595,1.1826,1.2063,1.2304,1.2550,1.2801,1.3057,1.3318,1.3585,1.3857,1.4134,1.4416,1.4705,1.4999,1.5299,1.5605,1.5917,1.6235,1.6560,1.6891,1.7229,1.7573,1.7925,1.8283,1.8649,1.9022,1.9403,1.9791,2.0186,2.0590,2.1002,2.1422,2.1850,2.2287,2.2733
Joint Inflation Calculator April 2019,nm,O&M,Weighted,"PANMC = Procurement of Ammunition, Navy & Marine Corps (1508)",PAN   MC,0.1287,0.1406,0.1540,0.1713,0.1951,0.2193,0.2405,0.2533,0.2735,0.3003,0.3329,0.3710,0.4099,0.4483,0.4732,0.4877,0.5029,0.5182,0.5350,0.5542,0.5758,0.5966,0.6161,0.6314,0.6456,0.6577,0.6690,0.6815,0.6913,0.6993,0.7086,0.7176,0.7266,0.7342,0.7509,0.7709,0.7930,0.8132,0.8320,0.8444,0.8564,0.8736,0.8900,0.9028,0.9159,0.9287,0.9454,0.9634,0.9830,1.0028,1.0228,1.0433,1.0642,1.0854,1.1072,1.1293,1.1519,1.1749,1.1984,1.2224,1.2468,1.2718,1.2972,1.3232,1.3496,1.3766,1.4041,1.4322,1.4609,1.4901,1.5199,1.5503,1.5813,1.6129,1.6452,1.6781,1.7116,1.7459,1.7808,1.8164,1.8527,1.8898,1.9276,1.9661,2.0055,2.0456,2.0865,2.1282,2.1708,2.2142,2.2585,2.3036
Joint Inflation Calculator April 2019,m,Procurement,Weighted,"PMC = Procurement, Marine Corps (1109)",PMC,0.1718,0.1797,0.1846,0.1975,0.2175,0.2316,0.2500,0.2677,0.2748,0.3061,0.3395,0.3789,0.4182,0.4606,0.4784,0.4958,0.5100,0.5258,0.5442,0.5649,0.5863,0.6105,0.6274,0.6386,0.6549,0.6635,0.6764,0.6860,0.6900,0.6959,0.7047,0.7141,0.7222,0.7278,0.7443,0.7670,0.7889,0.8138,0.8296,0.8430,0.8545,0.8741,0.8848,0.8989,0.9106,0.9225,0.9362,0.9532,0.9727,0.9924,1.0123,1.0325,1.0532,1.0742,1.0957,1.1176,1.1400,1.1628,1.1860,1.2097,1.2339,1.2586,1.2838,1.3095,1.3357,1.3624,1.3896,1.4174,1.4458,1.4747,1.5042,1.5343,1.5649,1.5962,1.6282,1.6607,1.6939,1.7278,1.7624,1.7976,1.8336,1.8702,1.9076,1.9458,1.9847,2.0244,2.0649,2.1062,2.1483,2.1913,2.2351,2.2798
Joint Inflation Calculator April 2019,d,,Weighted,Defense Wide Procurement,PROC DoD,0.1941,0.2030,0.2107,0.2195,0.2322,0.2526,0.2693,0.2788,0.2894,0.3091,0.3360,0.3716,0.4110,0.4423,0.4639,0.4816,0.4979,0.5119,0.5257,0.5415,0.5642,0.5868,0.6120,0.6291,0.6461,0.6584,0.6702,0.6804,0.6878,0.6946,0.7034,0.7134,0.7223,0.7322,0.7471,0.7684,0.7902,0.8108,0.8276,0.8405,0.8517,0.8666,0.8806,0.8957,0.9066,0.9179,0.9317,0.9529,0.9721,0.9919,1.0118,1.0320,1.0526,1.0737,1.0952,1.1171,1.1394,1.1622,1.1855,1.2092,1.2333,1.2580,1.2832,1.3088,1.3350,1.3617,1.3889,1.4167,1.4451,1.4740,1.5034,1.5335,1.5642,1.5955,1.6274,1.6599,1.6931,1.7270,1.7615,1.7967,1.8327,1.8693,1.9067,1.9449,1.9838,2.0234,2.0639,2.1052,2.1473,2.1902,2.2340,2.2787
Joint Inflation Calculator April 2019,n,Development,Weighted,"RDT&EN (COMPOSITE) Research, Development, Test & Evaluation, Navy (1319)",RDTEN COMP,0.1872,0.1967,0.2065,0.2187,0.2379,0.2587,0.2745,0.2854,0.2943,0.3170,0.3485,0.3838,0.4185,0.4408,0.4617,0.4783,0.4932,0.5073,0.5223,0.5397,0.5624,0.5854,0.6064,0.6241,0.6387,0.6506,0.6631,0.6743,0.6827,0.6885,0.6968,0.7073,0.7172,0.7247,0.7354,0.7560,0.7760,0.8002,0.8198,0.8348,0.8457,0.8584,0.8787,0.8932,0.9025,0.9154,0.9267,0.9433,0.9606,0.9804,1.0000,1.0198,1.0402,1.0609,1.0822,1.1038,1.1259,1.1485,1.1714,1.1949,1.2188,1.2432,1.2681,1.2934,1.3193,1.3457,1.3726,1.4001,1.4281,1.4567,1.4858,1.5156,1.5459,1.5768,1.6084,1.6406,1.6734,1.7069,1.7411,1.7759,1.8114,1.8477,1.8847,1.9224,1.9608,2.0001,2.0401,2.0809,2.1226,2.1650,2.2084,2.2525
Joint Inflation Calculator April 2019,d,,Weighted,"Defense Wide Research, Development, Test & Evaluation",RDTE DoD,0.1941,0.2030,0.2107,0.2195,0.2322,0.2526,0.2693,0.2788,0.2894,0.3091,0.3360,0.3716,0.4110,0.4423,0.4639,0.4816,0.4979,0.5119,0.5257,0.5415,0.5642,0.5868,0.6120,0.6291,0.6390,0.6514,0.6638,0.6758,0.6845,0.6901,0.6978,0.7085,0.7183,0.7256,0.7368,0.7544,0.7761,0.7997,0.8196,0.8351,0.8455,0.8575,0.8741,0.8887,0.9010,0.9128,0.9237,0.9373,0.9554,0.9754,0.9949,1.0148,1.0351,1.0558,1.0769,1.0984,1.1204,1.1428,1.1657,1.1890,1.2128,1.2370,1.2618,1.2870,1.3127,1.3390,1.3658,1.3931,1.4209,1.4494,1.4784,1.5079,1.5381,1.5688,1.6002,1.6322,1.6649,1.6982,1.7321,1.7668,1.8021,1.8381,1.8749,1.9124,1.9507,1.9897,2.0295,2.0701,2.1115,2.1537,2.1968,2.2407
Joint Inflation Calculator April 2019,n,Development,Weighted,"RDT&EN (Purchases) = Research, Development, Test & Evaluation, Navy (1319)",RDTEN Purch,0.1889,0.1976,0.2066,0.2187,0.2378,0.2587,0.2739,0.2851,0.2930,0.3156,0.3485,0.3853,0.4204,0.4425,0.4624,0.4791,0.4940,0.5083,0.5233,0.5408,0.5636,0.5866,0.6077,0.6254,0.6398,0.6518,0.6644,0.6756,0.6839,0.6895,0.6976,0.7078,0.7175,0.7248,0.7354,0.7560,0.7759,0.8000,0.8196,0.8346,0.8453,0.8580,0.8785,0.8930,0.9024,0.9154,0.9267,0.9433,0.9606,0.9804,1.0000,1.0200,1.0404,1.0612,1.0824,1.1041,1.1262,1.1487,1.1717,1.1951,1.2190,1.2434,1.2682,1.2936,1.3195,1.3459,1.3728,1.4002,1.4282,1.4568,1.4859,1.5157,1.5460,1.5769,1.6084,1.6406,1.6734,1.7069,1.7410,1.7758,1.8113,1.8476,1.8845,1.9222,1.9607,1.9999,2.0399,2.0807,2.1223,2.1647,2.2080,2.2522
Joint Inflation Calculator April 2019,m,,Weighted,"RPMC (COMPOSITE) Reserve Personnel, Marine Corps (1108)",RPMC COMP,0.1182,0.1269,0.1445,0.1604,0.1719,0.1830,0.1925,0.1967,0.2034,0.2170,0.2309,0.2476,0.2910,0.3271,0.3415,0.3520,0.3656,0.3766,0.3853,0.3943,0.4088,0.4247,0.4426,0.4596,0.4751,0.4867,0.4985,0.5101,0.5233,0.5363,0.5520,0.5739,0.5961,0.6323,0.6651,0.6935,0.7180,0.7404,0.7591,0.7824,0.8105,0.8375,0.8532,0.8673,0.8815,0.8923,0.9015,0.9127,0.9298,0.9512,0.9743,1.0010,1.0264,1.0514,1.0769,1.1029,1.1295,1.1568,1.1848,1.2134,1.2427,1.2727,1.3034,1.3349,1.3672,1.4002,1.4340,1.4686,1.5041,1.5405,1.5777,1.6158,1.6548,1.6948,1.7357,1.7776,1.8206,1.8645,1.9096,1.9557,2.0029,2.0513,2.1009,2.1516,2.2036,2.2568,2.3113,2.3671,2.4243,2.4829,2.5429,2.6043
Joint Inflation Calculator April 2019,m,,Weighted,"RPMC (NONPAY Purchases) = Reserve Personnel, Marine Corps (1108)",RPMC Non-pay,0.1824,0.1895,0.1954,0.2070,0.2247,0.2375,0.2511,0.2650,0.2646,0.2793,0.3017,0.3244,0.4014,0.4319,0.4571,0.4728,0.4882,0.5034,0.5159,0.5329,0.5555,0.5794,0.6097,0.6243,0.6354,0.6482,0.6621,0.6735,0.6824,0.6880,0.6935,0.7046,0.7142,0.7215,0.7297,0.7494,0.7638,0.7876,0.8099,0.8277,0.8404,0.8497,0.8644,0.8799,0.8933,0.9058,0.9162,0.9281,0.9447,0.9651,0.9844,1.0041,1.0242,1.0447,1.0655,1.0869,1.1086,1.1308,1.1534,1.1764,1.2000,1.2240,1.2485,1.2734,1.2989,1.3249,1.3514,1.3784,1.4060,1.4341,1.4628,1.4920,1.5219,1.5523,1.5833,1.6150,1.6473,1.6803,1.7139,1.7481,1.7831,1.8188,1.8551,1.8922,1.9301,1.9687,2.0081,2.0482,2.0892,2.1310,2.1736,2.2171
Joint Inflation Calculator April 2019,n,,Weighted,"RPN (COMPOSITE) Reserve Personnel, Navy (1405)",RPN COMP,0.1190,0.1281,0.1469,0.1637,0.1752,0.1866,0.1963,0.2000,0.2074,0.2215,0.2353,0.2523,0.2953,0.3331,0.3472,0.3580,0.3719,0.3830,0.3922,0.4011,0.4157,0.4316,0.4489,0.4668,0.4839,0.4959,0.5079,0.5201,0.5340,0.5479,0.5648,0.5881,0.6093,0.6424,0.6712,0.6977,0.7220,0.7438,0.7621,0.7855,0.8135,0.8392,0.8554,0.8691,0.8833,0.8944,0.9037,0.9150,0.9320,0.9532,0.9757,1.0014,1.0261,1.0506,1.0757,1.1013,1.1276,1.1544,1.1820,1.2101,1.2390,1.2685,1.2987,1.3296,1.3613,1.3938,1.4270,1.4610,1.4958,1.5314,1.5679,1.6053,1.6436,1.6827,1.7228,1.7639,1.8059,1.8489,1.8930,1.9381,1.9843,2.0316,2.0800,2.1296,2.1803,2.2323,2.2854,2.3399,2.3957,2.4528,2.5112,2.5710
Joint Inflation Calculator April 2019,n,,Weighted,"RPN (NONPAY Purchases) = Reserve Personnel, Navy (1405)",RPN Non-pay,0.1822,0.1894,0.1953,0.2071,0.2247,0.2375,0.2511,0.2648,0.2645,0.2794,0.3017,0.3248,0.4014,0.4319,0.4561,0.4727,0.4883,0.5024,0.5176,0.5347,0.5569,0.5824,0.6074,0.6224,0.6362,0.6482,0.6606,0.6739,0.6826,0.6880,0.6935,0.7054,0.7140,0.7227,0.7317,0.7497,0.7699,0.7919,0.8122,0.8296,0.8419,0.8509,0.8652,0.8801,0.8937,0.9063,0.9160,0.9279,0.9447,0.9651,0.9844,1.0041,1.0242,1.0446,1.0655,1.0869,1.1086,1.1308,1.1534,1.1764,1.2000,1.2240,1.2485,1.2734,1.2989,1.3249,1.3514,1.3784,1.4060,1.4341,1.4628,1.4920,1.5219,1.5523,1.5833,1.6150,1.6473,1.6803,1.7139,1.7481,1.7831,1.8188,1.8551,1.8922,1.9301,1.9687,2.0081,2.0482,2.0892,2.1310,2.1736,2.2171
Joint Inflation Calculator April 2019,n,Procurement,Weighted,"SCN = Shipbuilding & Conversion, Navy (1611)",SCN,0.1472,0.1635,0.1843,0.2144,0.2415,0.2706,0.2942,0.3279,0.3321,0.3734,0.3851,0.4363,0.4608,0.4834,0.4948,0.5098,0.5265,0.5459,0.5663,0.5905,0.6129,0.6296,0.6443,0.6569,0.6611,0.6758,0.6850,0.6938,0.7022,0.7126,0.7202,0.7310,0.7451,0.7467,0.7705,0.7867,0.8061,0.8208,0.8391,0.8526,0.8650,0.8808,0.8989,0.9124,0.9258,0.9401,0.9575,0.9759,0.9957,1.0158,1.0361,1.0568,1.0779,1.0995,1.1215,1.1439,1.1668,1.1901,1.2139,1.2382,1.2630,1.2882,1.3140,1.3403,1.3671,1.3944,1.4223,1.4508,1.4798,1.5094,1.5396,1.5703,1.6018,1.6338,1.6665,1.6998,1.7338,1.7685,1.8038,1.8399,1.8767,1.9142,1.9525,1.9916,2.0314,2.0720,2.1135,2.1558,2.1989,2.2428,2.2877,2.3335
Joint Inflation Calculator April 2019,n,Procurement,Weighted,"SCN (NAVSEA/BLS HIST) = SCN (1611) (Bureau of Labor Statistics Historical, OSD Future)",SCN (BLS HIST),0.1648,0.1772,0.1946,0.2191,0.2417,0.2672,0.2882,0.3180,0.3197,0.3492,0.3565,0.3872,0.3999,0.4118,0.4186,0.4268,0.4354,0.4455,0.4555,0.4690,0.4832,0.4971,0.5110,0.5242,0.5295,0.5423,0.5484,0.5543,0.5627,0.5754,0.5845,0.5994,0.6200,0.6235,0.6596,0.6835,0.7138,0.7390,0.7730,0.7993,0.8237,0.8524,0.8803,0.9003,0.9186,0.9362,0.9557,0.9756,0.9957,1.0158,1.0361,1.0568,1.0779,1.0995,1.1215,1.1439,1.1668,1.1901,1.2139,1.2382,1.2630,1.2882,1.3140,1.3403,1.3671,1.3944,1.4223,1.4508,1.4798,1.5094,1.5396,1.5703,1.6018,1.6338,1.6665,1.6998,1.7338,1.7685,1.8038,1.8399,1.8767,1.9142,1.9525,1.9916,2.0314,2.0720,2.1135,2.1558,2.1989,2.2428,2.2877,2.3335
Joint Inflation Calculator April 2019,n,Procurement,Weighted,"WPN = Weapons Procurement, Navy (1507)",WPN,0.1718,0.1795,0.1884,0.1990,0.2152,0.2287,0.2462,0.2579,0.2731,0.3054,0.3366,0.3708,0.4136,0.4491,0.4749,0.4941,0.5086,0.5262,0.5452,0.5666,0.5888,0.6092,0.6246,0.6404,0.6521,0.6649,0.6755,0.6839,0.6907,0.6988,0.7075,0.7170,0.7262,0.7339,0.7490,0.7712,0.7925,0.8124,0.8301,0.8432,0.8554,0.8700,0.8866,0.9000,0.9128,0.9256,0.9404,0.9575,0.9767,0.9966,1.0166,1.0369,1.0576,1.0788,1.1004,1.1224,1.1448,1.1677,1.1911,1.2149,1.2392,1.2640,1.2892,1.3150,1.3413,1.3682,1.3955,1.4234,1.4519,1.4809,1.5106,1.5408,1.5716,1.6030,1.6351,1.6678,1.7011,1.7352,1.7699,1.8053,1.8414,1.8782,1.9158,1.9541,1.9931,2.0330,2.0737,2.1151,2.1574,2.2006,2.2446,2.2895
